Experiment,Model,Snow_Type,n_HUCs,Median_KGE,Mean_KGE,Std_KGE
Exp1A,Wind,Montane,59,0.7570210254111083,0.7251832633274058,0.16817554055500092
Exp1A,Wind,Maritime,47,0.7602762870293032,0.7384117700059353,0.15724368668775576
Exp1A,Wind,Ephemeral,64,0.56973331778743,0.5052569858407225,0.33348565943034075
Exp1A,Humidity,Montane,59,0.8201755159747044,0.7509740599453723,0.21933333753401524
Exp1A,Humidity,Maritime,47,0.818300505463451,0.7679770241117823,0.18241739099225918
Exp1A,Humidity,Ephemeral,64,0.5043541902146997,0.34007163331205836,0.5442223331153861
Exp1A,Base,Montane,59,0.7889221905890491,0.7301353866385688,0.23941711945772623
Exp1A,Base,Maritime,47,0.822901031562167,0.7518766317703107,0.23462004800470945
Exp1A,Base,Ephemeral,64,0.5585135659527539,0.3968740019235534,0.43701103284494563
Exp1A,Srad,Montane,59,0.6393632265090345,0.6140299683205258,0.21894559653235543
Exp1A,Srad,Maritime,47,0.692692699508245,0.6714118430033061,0.1650257252906199
Exp1A,Srad,Ephemeral,64,0.1827134755727018,0.08493630112200523,0.5475442185928794
Exp1B,Wind,Montane,54,0.8402006095960288,0.7320607464923159,0.29411995150662684
Exp1B,Wind,Maritime,43,0.8486301879189015,0.8015918993727458,0.14524894678785524
Exp1B,Humidity,Montane,54,0.841145323973306,0.7428741603592002,0.29571115101185363
Exp1B,Humidity,Maritime,43,0.8369155598728363,0.7873702538587686,0.15043178424669576
Exp1B,Base,Montane,54,0.8532073807999783,0.7418098305709054,0.30346845543390666
Exp1B,Base,Maritime,43,0.8216314897975435,0.7855620635773073,0.12960011253517714
Exp1B,Srad,Montane,54,0.7811496795682533,0.652216266846928,0.40954514559226407
Exp1B,Srad,Maritime,43,0.8135382761511605,0.7705538467884465,0.17049487689562315
