test_mse,test_kge,test_r2,test_mae,huc_id,variation,test_set
0.011265145614743233,0.9186784687154433,0.900149941444397,0.06239425018429756,171100090102,Base_1e-3,Test_A
0.0021441017743200064,0.9278006879768305,0.9460985660552979,0.02708905190229416,170103040202,Base_1e-3,Test_A
0.0074355872347950935,0.9019499359701383,0.9275091886520386,0.053743425756692886,170200090112,Base_1e-3,Test_A
0.010343342088162899,0.6042584564049893,0.8263696432113647,0.06684693694114685,170602080103,Base_1e-3,Test_A
0.0020936287473887205,0.8744471628573514,0.9047354459762573,0.02442423440515995,170103040702,Base_1e-3,Test_A
0.015572600066661835,0.2640042121481535,0.47221624851226807,0.08155776560306549,170602080201,Base_1e-3,Test_A
0.00735023757442832,0.554351479706158,0.7893166542053223,0.05568334087729454,170602070103,Base_1e-3,Test_A
0.009171780198812485,0.5347519914540684,0.6199336051940918,0.0518888458609581,170200110307,Base_1e-3,Test_A
0.0029387816321104765,0.9228769539900571,0.9372133016586304,0.03103271871805191,170602071002,Base_1e-3,Test_A
0.013080677017569542,0.7166112932861723,0.8790108561515808,0.07179535180330276,171100050404,Base_1e-3,Test_A
0.001739668776281178,0.8942091722180301,0.8994665145874023,0.023724401369690895,170602070504,Base_1e-3,Test_A
0.0017064833082258701,0.9338009026993039,0.9535441398620605,0.024055548012256622,170602071001,Base_1e-3,Test_A
0.008241306059062481,0.6680204149005462,0.8690674304962158,0.056759901344776154,170103040104,Base_1e-3,Test_A
0.00891471654176712,0.6065674224040578,0.8126880526542664,0.06062967702746391,170602080301,Base_1e-3,Test_A
0.001000813441351056,0.9408642130016592,0.9572461843490601,0.01831200160086155,170602070702,Base_1e-3,Test_A
0.007064470089972019,0.48525155534187425,0.48614150285720825,0.047446440905332565,171100060305,Base_1e-3,Test_A
0.012039616703987122,0.9052358251609786,0.9377020001411438,0.06935813277959824,170200090107,Base_1e-3,Test_A
0.015397155657410622,0.2255580775109346,0.43642497062683105,0.08395101130008698,170602070204,Base_1e-3,Test_A
0.002658767392858863,0.7621905258957165,0.8837952613830566,0.026429051533341408,170103040504,Base_1e-3,Test_A
0.0029424612876027822,0.9018292204711766,0.9128747582435608,0.03052240051329136,170602080411,Base_1e-3,Test_A
0.008523094467818737,0.9137790226606992,0.9197871685028076,0.058944571763277054,171100050505,Base_1e-3,Test_A
0.045828819274902344,0.504139827507065,0.731340765953064,0.14423054456710815,170200110103,Base_1e-3,Test_A
0.0016619416419416666,0.8251429607006553,0.9042770862579346,0.023620080202817917,170200090301,Base_1e-3,Test_A
0.005023971665650606,0.649975597548661,0.8462507128715515,0.041525114327669144,170602080410,Base_1e-3,Test_A
0.014095969498157501,0.7326431351465597,0.8944680690765381,0.073604516685009,171100050501,Base_1e-3,Test_A
0.008220214396715164,0.770901144065526,0.8796003460884094,0.05092359706759453,170602080506,Base_1e-3,Test_A
0.002382016973569989,0.9269314031816892,0.948113203048706,0.026814891025424004,170602080602,Base_1e-3,Test_A
0.00427710497751832,0.7914776845569024,0.9380940198898315,0.03836175426840782,170103040102,Base_1e-3,Test_A
0.0028825656045228243,0.35681660633530987,0.48330116271972656,0.026845138520002365,170602070503,Base_1e-3,Test_A
0.05359506607055664,0.5972306480857906,0.7909078598022461,0.15316255390644073,170200110401,Base_1e-3,Test_A
0.0019520039204508066,0.818621739817434,0.9218922853469849,0.026580337435007095,170103020201,Base_1e-3,Test_A
0.004826188553124666,0.9398121676395065,0.954666018486023,0.042236994951963425,170602080501,Base_1e-3,Test_A
0.0020903469994664192,0.9691072317725689,0.9667059183120728,0.026421068236231804,170602080408,Base_1e-3,Test_A
0.0009040979202836752,0.8704741428074318,0.9143753051757812,0.018185779452323914,170602070206,Base_1e-3,Test_A
0.03766729682683945,0.47183365148468737,0.7173439860343933,0.13079656660556793,170200090109,Base_1e-3,Test_A
0.0012867194600403309,0.8075385063822478,0.9268715977668762,0.021554896607995033,170103040308,Base_1e-3,Test_A
0.022983742877840996,0.7632544934007586,0.873004138469696,0.08970317244529724,171100060302,Base_1e-3,Test_A
0.011105132289230824,0.8462154240470148,0.9359853267669678,0.06576202809810638,171100050802,Base_1e-3,Test_A
0.032394226640462875,0.6351580410084222,0.8054708242416382,0.12259591370820999,170200110104,Base_1e-3,Test_A
0.00341661530546844,-0.028000478800038975,-0.08125960826873779,0.03144669160246849,170602071103,Base_1e-3,Test_A
0.013462331146001816,0.8721712701608917,0.8055066466331482,0.06324024498462677,171100090502,Base_1e-3,Test_A
0.0009902467718347907,0.7683916153100991,0.8558900356292725,0.01719450019299984,170103040603,Base_1e-3,Test_A
0.022054288536310196,0.7548536870766196,0.8899462819099426,0.09446216374635696,170200110302,Base_1e-3,Test_A
0.009932447224855423,0.6038258522589965,0.6847405433654785,0.055302008986473083,170200090114,Base_1e-3,Test_A
0.006581924390047789,0.949259223976297,0.9319249391555786,0.04567975550889969,170200110303,Base_1e-3,Test_A
0.009927178733050823,0.5721588147866095,0.7119337320327759,0.055525146424770355,171100090104,Base_1e-3,Test_A
0.0008843042887747288,0.9298661313493062,0.9136599898338318,0.017015371471643448,170103020301,Base_1e-3,Test_A
0.012977384962141514,0.8090553664758332,0.879045307636261,0.06619928032159805,171100090301,Base_1e-3,Test_A
0.008611627854406834,0.6230496986481008,0.8074036240577698,0.05723440647125244,170602080205,Base_1e-3,Test_A
0.008451000787317753,0.885562641109947,0.9387897253036499,0.05676206946372986,171100050503,Base_1e-3,Test_A
0.10898222774267197,0.5338534755356268,0.6829899549484253,0.22755524516105652,171100050605,Base_1e-3,Test_A
0.00040696587529964745,0.8354777157409791,0.9014862179756165,0.012502513825893402,170602071101,Base_1e-3,Test_A
0.002100328914821148,0.9357667953683447,0.962454080581665,0.025130510330200195,170602080404,Base_1e-3,Test_A
0.025269752368330956,0.7001606306901795,0.8578447103500366,0.09696785360574722,170200090101,Base_1e-3,Test_A
0.00043570174602791667,0.6615632259511192,0.7219676971435547,0.01052931323647499,170602070202,Base_1e-3,Test_A
0.027645595371723175,0.6656517331628276,0.8456300497055054,0.1022828221321106,170300010101,Base_1e-3,Test_B
0.03860165551304817,0.5964000126535416,0.7936348915100098,0.12676319479942322,170300010102,Base_1e-3,Test_B
0.07093679159879684,0.508086203354186,0.6816114187240601,0.18297024071216583,170300010103,Base_1e-3,Test_B
0.011103635653853416,0.7143682647968876,0.8641886115074158,0.05610748007893562,170300010104,Base_1e-3,Test_B
0.004849896300584078,0.8211774820046759,0.7844858765602112,0.03758282586932182,170300010105,Base_1e-3,Test_B
0.002279842272400856,0.709521088561031,0.8211487531661987,0.023289402946829796,170300010106,Base_1e-3,Test_B
0.008279078640043736,0.7826635508373196,0.889502763748169,0.054087258875370026,170300010201,Base_1e-3,Test_B
0.015249961987137794,0.5922583515677027,0.8027778267860413,0.07299157977104187,170300010202,Base_1e-3,Test_B
0.0036006863228976727,0.8735856626873479,0.8847002983093262,0.032307226210832596,170300010203,Base_1e-3,Test_B
0.0022541412618011236,0.8607211770841112,0.8357217311859131,0.025232186540961266,170300010204,Base_1e-3,Test_B
0.0019091444555670023,0.500150646910476,0.601323127746582,0.023624636232852936,170300010205,Base_1e-3,Test_B
0.014099878259003162,0.885495271401445,0.8792651891708374,0.07035696506500244,170300010301,Base_1e-3,Test_B
0.009652412496507168,0.864349389285995,0.8964930772781372,0.05753267556428909,170300010302,Base_1e-3,Test_B
0.02969536744058132,0.5935403394992185,0.7849735021591187,0.10520039498806,170300010303,Base_1e-3,Test_B
0.008647824637591839,0.7795389685806468,0.8287537097930908,0.051095400005578995,170300010304,Base_1e-3,Test_B
0.031127655878663063,0.5690107884618709,0.768856406211853,0.10142765194177628,170300010305,Base_1e-3,Test_B
0.004971891175955534,0.674662059479282,0.6965304613113403,0.038195040076971054,170300010306,Base_1e-3,Test_B
0.0033809575252234936,-0.10271560503631005,-0.08152306079864502,0.032565638422966,170300010307,Base_1e-3,Test_B
0.002804703777655959,0.9092198657135536,0.9127238988876343,0.028052976354956627,170300010401,Base_1e-3,Test_B
0.001410472672432661,0.8114250917492615,0.9226565361022949,0.0220630019903183,170300010402,Base_1e-3,Test_B
0.0004060105711687356,0.7479371648522006,0.8533631563186646,0.01193380169570446,170300010403,Base_1e-3,Test_B
0.0005848499131388962,0.36369817513326475,0.5932326316833496,0.013676689006388187,170300010404,Base_1e-3,Test_B
0.0012375444639474154,0.5333569142638086,0.7016575336456299,0.020428037270903587,170300010405,Base_1e-3,Test_B
0.000548897369299084,-0.5073339144971316,-0.6677827835083008,0.012724626809358597,170300010406,Base_1e-3,Test_B
0.0009618367184884846,-2.601095049208526,-4.760122776031494,0.017024662345647812,170300010407,Base_1e-3,Test_B
0.00040976895252242684,0.7780165216993159,0.7429970502853394,0.012203052639961243,170300010408,Base_1e-3,Test_B
0.0008304688963107765,-2.155967731001577,-3.663632869720459,0.015855593606829643,170300010409,Base_1e-3,Test_B
0.0015043274033814669,0.8671112536197172,0.8569762706756592,0.019929425790905952,170300010501,Base_1e-3,Test_B
0.0005147242336533964,0.8458275773527242,0.905907154083252,0.014038877561688423,170300010502,Base_1e-3,Test_B
0.012823915109038353,0.7422191544685239,0.8567284345626831,0.0618925467133522,170300010503,Base_1e-3,Test_B
0.001617839327082038,0.8534216217681422,0.8889967203140259,0.02261180244386196,170300010504,Base_1e-3,Test_B
0.0013491567224264145,0.2406193866662114,0.35268378257751465,0.020121894776821136,170300010505,Base_1e-3,Test_B
0.0010534002212807536,-0.10453326451429201,0.01940685510635376,0.018111953511834145,170300010506,Base_1e-3,Test_B
0.0004983358085155487,0.35792661963263506,0.500715434551239,0.012679981999099255,170300010507,Base_1e-3,Test_B
0.0049076988361775875,0.891686597945121,0.9122677445411682,0.03988957405090332,170300010508,Base_1e-3,Test_B
0.014537486247718334,0.4984065592962781,0.7417089343070984,0.07135100662708282,170300010509,Base_1e-3,Test_B
0.0003655092732515186,0.7830145154229821,0.8508829474449158,0.01187137234956026,170300010510,Base_1e-3,Test_B
0.0010620198445394635,-1.025330969701335,-1.4532039165496826,0.018284903839230537,170300010511,Base_1e-3,Test_B
0.0004726941406261176,0.7678778162984068,0.9172829985618591,0.012032929807901382,170300010601,Base_1e-3,Test_B
0.0005718863685615361,0.8958572408166832,0.9303901195526123,0.01403049472719431,170300010602,Base_1e-3,Test_B
0.00035092412144877017,0.759080670750442,0.887638509273529,0.010254726745188236,170300010603,Base_1e-3,Test_B
0.0006454928079620004,-1.4076611482639252,-2.1975021362304688,0.013593737035989761,170300010604,Base_1e-3,Test_B
0.0009282567189075053,-1.560725699143692,-2.536808729171753,0.0167599655687809,170300010605,Base_1e-3,Test_B
0.0007006530649960041,0.06897450660887972,0.2044585943222046,0.014403853565454483,170300010701,Base_1e-3,Test_B
0.0006032487144693732,-1.7415069972918462,-2.9259519577026367,0.012887492775917053,170300010702,Base_1e-3,Test_B
0.0007574190967716277,-2.420447938965078,-4.29463529586792,0.014888683333992958,170300010703,Base_1e-3,Test_B
0.0006763628334738314,-2.1570315329906586,-3.7920875549316406,0.013909286819398403,170300010704,Base_1e-3,Test_B
0.000931975373532623,-2.1980141938264435,-3.7982378005981445,0.01673172414302826,170300010705,Base_1e-3,Test_B
0.00043342181015759706,-1.5291845696191966,-2.5455141067504883,0.010757951997220516,170300010706,Base_1e-3,Test_B
0.0007679497939534485,-3.341139166067256,-6.663646697998047,0.014749802649021149,170300010707,Base_1e-3,Test_B
0.0007906063110567629,-2.4207348573325724,-4.4873046875,0.015053830109536648,170300010708,Base_1e-3,Test_B
0.00118744233623147,-5.321352169638023,-12.075102806091309,0.01885603927075863,170300010709,Base_1e-3,Test_B
0.014634544029831886,0.663161133831493,0.8588908910751343,0.07115259766578674,170300020101,Base_1e-3,Test_B
0.005467979237437248,0.8011719104405958,0.9145042300224304,0.04316531866788864,170300020102,Base_1e-3,Test_B
0.004859905689954758,0.9287199256004893,0.9394125938415527,0.04094470292329788,170300020103,Base_1e-3,Test_B
0.021063733845949173,0.6888573740417501,0.8436090350151062,0.08452299982309341,170300020104,Base_1e-3,Test_B
0.007237968035042286,0.830335636350411,0.930895209312439,0.04882092773914337,170300020105,Base_1e-3,Test_B
0.018024008721113205,0.7226369759669644,0.8941330313682556,0.07908979058265686,170300020106,Base_1e-3,Test_B
0.0098978066816926,0.7340325737400257,0.9010412096977234,0.056817688047885895,170300020107,Base_1e-3,Test_B
0.006111592520028353,0.78635507072015,0.9115051031112671,0.04670986160635948,170300020108,Base_1e-3,Test_B
0.002027865732088685,0.8522292915248721,0.9234212040901184,0.0262620747089386,170300020109,Base_1e-3,Test_B
0.013871660456061363,0.3782020504838258,0.6175470352172852,0.07616424560546875,170300020201,Base_1e-3,Test_B
0.004256247077137232,0.5893129165130586,0.8087087273597717,0.0401613786816597,170300020202,Base_1e-3,Test_B
0.0046979221515357494,0.6931173901560475,0.843255877494812,0.04287745803594589,170300020203,Base_1e-3,Test_B
0.01685500144958496,0.752666955542488,0.8830496072769165,0.07769520580768585,170300020204,Base_1e-3,Test_B
0.0038530919700860977,0.6901514700304294,0.8824954032897949,0.0396273098886013,170300020205,Base_1e-3,Test_B
0.006496498826891184,0.7093815221860769,0.8609097599983215,0.051170460879802704,170300020206,Base_1e-3,Test_B
0.000607126799877733,0.8989721304599045,0.8665388822555542,0.013718304224312305,170300020207,Base_1e-3,Test_B
0.0016559247160330415,-0.5515603505991287,-0.6872298717498779,0.022263403981924057,170300020208,Base_1e-3,Test_B
0.006699244026094675,0.7885297802957622,0.9004896879196167,0.04576658084988594,170300020301,Base_1e-3,Test_B
0.00738024665042758,0.8079019244200842,0.9185711145401001,0.05741007253527641,170300020302,Base_1e-3,Test_B
0.0029631536453962326,0.9562111262597695,0.9609853029251099,0.03433568775653839,170300020303,Base_1e-3,Test_B
0.001823047990910709,0.8616832109469463,0.9484924674034119,0.02778688445687294,170300020304,Base_1e-3,Test_B
0.007365245372056961,0.6298073306619144,0.8318620920181274,0.05451038479804993,170300020305,Base_1e-3,Test_B
0.002736432943493128,0.8081776955358826,0.8985939621925354,0.029143163934350014,170300020306,Base_1e-3,Test_B
0.009896298870444298,0.15856058648025828,0.428522527217865,0.06037183105945587,170300020307,Base_1e-3,Test_B
0.0005732446443289518,0.9342616118313358,0.8869065046310425,0.013905689120292664,170300020308,Base_1e-3,Test_B
0.0017402489902451634,0.7522156776639537,0.8946591019630432,0.025121821090579033,170300020309,Base_1e-3,Test_B
0.0006494668778032064,-0.22929725077395524,-0.17096292972564697,0.013740184716880322,170300020310,Base_1e-3,Test_B
0.0011625275947153568,-1.6177703572899857,-2.4047048091888428,0.018806209787726402,170300020311,Base_1e-3,Test_B
0.002142400713637471,-4.7205418746003165,-11.105765342712402,0.02627832069993019,170300020312,Base_1e-3,Test_B
0.009547200053930283,0.8848633161080726,0.9153771996498108,0.059249989688396454,171100090102,Base_3e-4,Test_A
0.003266630694270134,0.8778264158179824,0.9178788661956787,0.0328226312994957,170103040202,Base_3e-4,Test_A
0.007075704634189606,0.9540316375718045,0.9310177564620972,0.05129292979836464,170200090112,Base_3e-4,Test_A
0.010337351821362972,0.6896494792126714,0.8264701962471008,0.061242375522851944,170602080103,Base_3e-4,Test_A
0.00427610008046031,0.7654511417968857,0.8054283857345581,0.03501656651496887,170103040702,Base_3e-4,Test_A
0.013449765741825104,0.38856861665371645,0.5441629886627197,0.07690037041902542,170602080201,Base_3e-4,Test_A
0.007608336862176657,0.6500398364518571,0.7819186449050903,0.05362122505903244,170602070103,Base_3e-4,Test_A
0.01576990820467472,0.2591343723998386,0.3465158939361572,0.0720987394452095,170200110307,Base_3e-4,Test_A
0.0026251235976815224,0.9469315161723795,0.943914532661438,0.030862024053931236,170602071002,Base_3e-4,Test_A
0.010369397699832916,0.8335889324860182,0.9040887355804443,0.061097875237464905,171100050404,Base_3e-4,Test_A
0.0018777780933305621,0.8084515682163957,0.891485333442688,0.025811579078435898,170602070504,Base_3e-4,Test_A
0.003265014383941889,0.8996776507667584,0.9111160039901733,0.03272436931729317,170602071001,Base_3e-4,Test_A
0.006564618553966284,0.7521022962674933,0.8957055807113647,0.04820304736495018,170103040104,Base_3e-4,Test_A
0.008766301907598972,0.7104175055969651,0.81580650806427,0.05843351036310196,170602080301,Base_3e-4,Test_A
0.0022051846608519554,0.8301570309738344,0.9057966470718384,0.027962177991867065,170602070702,Base_3e-4,Test_A
0.007979992777109146,0.28261047918769944,0.41954779624938965,0.05025295168161392,171100060305,Base_3e-4,Test_A
0.007655048277229071,0.9286923467375984,0.9603895545005798,0.05596495792269707,170200090107,Base_3e-4,Test_A
0.011400849558413029,0.4146682906681487,0.5826998949050903,0.07304003089666367,170602070204,Base_3e-4,Test_A
0.00776807451620698,0.48648097558893744,0.6604865789413452,0.050329528748989105,170103040504,Base_3e-4,Test_A
0.002160954289138317,0.911883724098764,0.9360148906707764,0.028049873188138008,170602080411,Base_3e-4,Test_A
0.00668660132214427,0.940087171953628,0.9370708465576172,0.05236006900668144,171100050505,Base_3e-4,Test_A
0.03512358292937279,0.5625825710612469,0.794097363948822,0.12382655590772629,170200110103,Base_3e-4,Test_A
0.002343509579077363,0.7663543091981599,0.865020751953125,0.02753082476556301,170200090301,Base_3e-4,Test_A
0.006037381011992693,0.6634531080656532,0.8152372241020203,0.04740086942911148,170602080410,Base_3e-4,Test_A
0.013364700600504875,0.7861841334549304,0.8999428749084473,0.0679074376821518,171100050501,Base_3e-4,Test_A
0.007081220392137766,0.7349485230382367,0.8962829113006592,0.05268951132893562,170602080506,Base_3e-4,Test_A
0.004555896855890751,0.8516858935844687,0.9007602334022522,0.04172062873840332,170602080602,Base_3e-4,Test_A
0.00510985916480422,0.8457802506481481,0.9260408878326416,0.04110794886946678,170103040102,Base_3e-4,Test_A
0.00830456055700779,-0.2815804357291787,-0.4885895252227783,0.05523241311311722,170602070503,Base_3e-4,Test_A
0.03528006002306938,0.6609301852500826,0.8623607158660889,0.1242009848356247,170200110401,Base_3e-4,Test_A
0.0023928422015160322,0.933412131608068,0.9042525291442871,0.027157824486494064,170103020201,Base_3e-4,Test_A
0.006794697139412165,0.903952449625556,0.9361752271652222,0.048655834048986435,170602080501,Base_3e-4,Test_A
0.005079411435872316,0.9088645942768628,0.9190975427627563,0.0424303263425827,170602080408,Base_3e-4,Test_A
0.0027696627657860518,0.5480711772499318,0.737692654132843,0.030911188572645187,170602070206,Base_3e-4,Test_A
0.02407008409500122,0.592869582452964,0.8193776607513428,0.0989384800195694,170200090109,Base_3e-4,Test_A
0.0017689134692773223,0.8803684359546906,0.8994669914245605,0.023661339655518532,170103040308,Base_3e-4,Test_A
0.010333823971450329,0.845393055072424,0.9429008364677429,0.06126241385936737,171100060302,Base_3e-4,Test_A
0.0039855558425188065,0.9218653021973287,0.97702556848526,0.03918178379535675,171100050802,Base_3e-4,Test_A
0.02297484129667282,0.6824171737322835,0.8620347380638123,0.10310299694538116,170200110104,Base_3e-4,Test_A
0.009378880262374878,-0.8760835986064439,-1.9681434631347656,0.05983370542526245,170602071103,Base_3e-4,Test_A
0.008381370455026627,0.8355891626244133,0.8789124488830566,0.04630415886640549,171100090502,Base_3e-4,Test_A
0.0034556107129901648,0.37474798899359596,0.4971073269844055,0.03071925975382328,170103040603,Base_3e-4,Test_A
0.017514370381832123,0.7674277501735431,0.9126010537147522,0.08309370279312134,170200110302,Base_3e-4,Test_A
0.020044278353452682,0.24530106064665969,0.36378735303878784,0.08613460510969162,170200090114,Base_3e-4,Test_A
0.006310219876468182,0.9054469014062433,0.9347350597381592,0.04784267395734787,170200110303,Base_3e-4,Test_A
0.012381854467093945,0.42384254067087435,0.6407041549682617,0.06553664058446884,171100090104,Base_3e-4,Test_A
0.0022007657680660486,0.6682755434044344,0.7851257920265198,0.025484599173069,170103020301,Base_3e-4,Test_A
0.011621599085628986,0.8272146159467247,0.8916817903518677,0.05963908135890961,171100090301,Base_3e-4,Test_A
0.007912464439868927,0.7287330703614685,0.8230401873588562,0.055454738438129425,170602080205,Base_3e-4,Test_A
0.006221657153218985,0.9296946759193552,0.9549367427825928,0.05061940848827362,171100050503,Base_3e-4,Test_A
0.10559803992509842,0.5801428000898922,0.6928339600563049,0.2149265706539154,171100050605,Base_3e-4,Test_A
0.0019489404512569308,0.36565064898640687,0.5282220840454102,0.024258116260170937,170602071101,Base_3e-4,Test_A
0.0029985380824655294,0.9074817203971411,0.9463974833488464,0.03322538733482361,170602080404,Base_3e-4,Test_A
0.019988398998975754,0.729925290677001,0.8875550031661987,0.08721168339252472,170200090101,Base_3e-4,Test_A
0.004299850203096867,-0.8026441175644285,-1.743842601776123,0.0365549735724926,170602070202,Base_3e-4,Test_A
0.016555558890104294,0.743049302854506,0.9075555801391602,0.07769143581390381,170300010101,Base_3e-4,Test_B
0.02464367263019085,0.6689756109436173,0.868254542350769,0.10076169669628143,170300010102,Base_3e-4,Test_B
0.04847405105829239,0.597809258995831,0.7824318408966064,0.1495550572872162,170300010103,Base_3e-4,Test_B
0.005006283987313509,0.8605282967423983,0.9387668967247009,0.04068588465452194,170300010104,Base_3e-4,Test_B
0.009162592701613903,0.46206081827946466,0.592843234539032,0.05378666892647743,170300010105,Base_3e-4,Test_B
0.003009568201377988,0.8400295371651573,0.7639025449752808,0.029253507032990456,170300010106,Base_3e-4,Test_B
0.003292543813586235,0.8976677135250191,0.9560558795928955,0.033956509083509445,170300010201,Base_3e-4,Test_B
0.008174045011401176,0.7163971549974704,0.8942880630493164,0.05219097062945366,170300010202,Base_3e-4,Test_B
0.003631205065175891,0.8224937742861536,0.8837230205535889,0.03376550227403641,170300010203,Base_3e-4,Test_B
0.0067796348594129086,0.4086483211664641,0.5059108734130859,0.04463917762041092,170300010204,Base_3e-4,Test_B
0.004445123951882124,0.16172151538417134,0.07174748182296753,0.03457752987742424,170300010205,Base_3e-4,Test_B
0.008171223104000092,0.9429822310503727,0.9300312399864197,0.05519222840666771,170300010301,Base_3e-4,Test_B
0.00710788881406188,0.9183485706184015,0.9237790703773499,0.04916861653327942,170300010302,Base_3e-4,Test_B
0.01650451123714447,0.7102869756056177,0.8804895281791687,0.0764501616358757,170300010303,Base_3e-4,Test_B
0.007486669812351465,0.8398013256069063,0.8517471551895142,0.04913961887359619,170300010304,Base_3e-4,Test_B
0.01969122886657715,0.6837490299217232,0.8537795543670654,0.08056473731994629,170300010305,Base_3e-4,Test_B
0.010747764259576797,0.23684715253998911,0.34398818016052246,0.06037587672472,170300010306,Base_3e-4,Test_B
0.005758500192314386,-0.4280316104359998,-0.8420672416687012,0.04046899825334549,170300010307,Base_3e-4,Test_B
0.005907411687076092,0.7124502024695317,0.8161745667457581,0.04464855417609215,170300010401,Base_3e-4,Test_B
0.0026502099353820086,0.7680427775520873,0.8546753525733948,0.028613587841391563,170300010402,Base_3e-4,Test_B
0.0022821081802248955,0.16490400074232947,0.17578232288360596,0.024821942672133446,170300010403,Base_3e-4,Test_B
0.0020938608795404434,-0.08335728583428148,-0.4562954902648926,0.022677214816212654,170300010404,Base_3e-4,Test_B
0.0007436382584273815,0.8323095361829836,0.8207265138626099,0.016406234353780746,170300010405,Base_3e-4,Test_B
0.0007403315976262093,-0.21840279562523968,-1.249441146850586,0.012332720682024956,170300010406,Base_3e-4,Test_B
0.0003718674706760794,-0.47897805437489627,-1.226991891860962,0.008425295352935791,170300010407,Base_3e-4,Test_B
0.000460840470623225,0.7603342941819606,0.7109654545783997,0.012592928484082222,170300010408,Base_3e-4,Test_B
0.0005321710486896336,-0.6837370469475017,-1.9884929656982422,0.010198992677032948,170300010409,Base_3e-4,Test_B
0.006361921783536673,0.29981746820374644,0.395141065120697,0.04379430040717125,170300010501,Base_3e-4,Test_B
0.001755592180415988,0.6438340469215329,0.6790734529495239,0.02234785258769989,170300010502,Base_3e-4,Test_B
0.008079246617853642,0.8384809077021962,0.9097369313240051,0.052106864750385284,170300010503,Base_3e-4,Test_B
0.0028459979221224785,0.7438614251416313,0.8047301769256592,0.029730157926678658,170300010504,Base_3e-4,Test_B
0.0022397241555154324,0.1605958661268725,-0.07460439205169678,0.02390306256711483,170300010505,Base_3e-4,Test_B
0.0013518788618966937,0.11548885739433834,-0.2584420442581177,0.017952781170606613,170300010506,Base_3e-4,Test_B
0.000612477189861238,0.6481483481187571,0.38635677099227905,0.012505009770393372,170300010507,Base_3e-4,Test_B
0.003614261280745268,0.9570093645303347,0.9353898167610168,0.035817988216876984,170300010508,Base_3e-4,Test_B
0.009705894626677036,0.6300018905808167,0.8275529742240906,0.05474710464477539,170300010509,Base_3e-4,Test_B
0.0008022140827961266,0.6503412082950824,0.672720193862915,0.0152452252805233,170300010510,Base_3e-4,Test_B
0.0009481632150709629,-0.3463458927695784,-1.190201759338379,0.014417850412428379,170300010511,Base_3e-4,Test_B
0.001771841081790626,0.6235485199387036,0.6899445652961731,0.02224924974143505,170300010601,Base_3e-4,Test_B
0.0025825549382716417,0.53641014160424,0.6856520175933838,0.027936533093452454,170300010602,Base_3e-4,Test_B
0.0012124908389523625,0.6832657185896083,0.6117755770683289,0.01784648559987545,170300010603,Base_3e-4,Test_B
0.00044743524631485343,-0.2672141279572062,-1.2164075374603271,0.009192880243062973,170300010604,Base_3e-4,Test_B
0.000658782257232815,-0.5030147933942195,-1.5100674629211426,0.011503461748361588,170300010605,Base_3e-4,Test_B
0.00215494935400784,-0.5851888302242452,-1.4467906951904297,0.02229953743517399,170300010701,Base_3e-4,Test_B
0.0005861675599589944,-1.0047137197477443,-2.8147873878479004,0.010354483500123024,170300010702,Base_3e-4,Test_B
0.0005240606260485947,-1.0080507339862295,-2.663374900817871,0.009922975674271584,170300010703,Base_3e-4,Test_B
0.00043728036689572036,-0.6807472763737672,-2.098168134689331,0.00897438358515501,170300010704,Base_3e-4,Test_B
0.0005151539808139205,-0.6081748988781466,-1.652249813079834,0.010018384084105492,170300010705,Base_3e-4,Test_B
0.0005408308934420347,-1.233360266412832,-3.4241509437561035,0.009934180416166782,170300010706,Base_3e-4,Test_B
0.0004818142915610224,-1.5700553202903977,-3.8081979751586914,0.009442329406738281,170300010707,Base_3e-4,Test_B
0.00046398749691434205,-0.8283139776959321,-2.220364809036255,0.009334970265626907,170300010708,Base_3e-4,Test_B
0.00035193085204809904,-1.9237433580714898,-2.875162363052368,0.008698651567101479,170300010709,Base_3e-4,Test_B
0.01061666663736105,0.7738636676449693,0.8976320028305054,0.06106498837471008,170300020101,Base_3e-4,Test_B
0.004096276592463255,0.9264203891817362,0.9359517693519592,0.038448259234428406,170300020102,Base_3e-4,Test_B
0.0066871377639472485,0.8204447664794265,0.916632890701294,0.05193524435162544,170300020103,Base_3e-4,Test_B
0.01723385974764824,0.7319052309347007,0.8720445036888123,0.07498001307249069,170300020104,Base_3e-4,Test_B
0.006702480372041464,0.8954557297455727,0.9360077977180481,0.05055858567357063,170300020105,Base_3e-4,Test_B
0.01601708121597767,0.7648327238288927,0.9059210419654846,0.0763026624917984,170300020106,Base_3e-4,Test_B
0.007728496566414833,0.8241901221152971,0.9227300882339478,0.05278607830405235,170300020107,Base_3e-4,Test_B
0.003979131579399109,0.9097048278375748,0.9423828125,0.03779185935854912,170300020108,Base_3e-4,Test_B
0.0029069751035422087,0.8335970057778358,0.8902232050895691,0.031051144003868103,170300020109,Base_3e-4,Test_B
0.006224953569471836,0.6182776307292561,0.8283729553222656,0.04668925330042839,170300020201,Base_3e-4,Test_B
0.0016465381486341357,0.8935479069708414,0.9259985685348511,0.02299199067056179,170300020202,Base_3e-4,Test_B
0.001977980835363269,0.9179049448159861,0.9340054988861084,0.027153169736266136,170300020203,Base_3e-4,Test_B
0.01470508985221386,0.7797489862237412,0.8979670405387878,0.06970533728599548,170300020204,Base_3e-4,Test_B
0.001978031126782298,0.9101926668862222,0.9396775960922241,0.02658219076693058,170300020205,Base_3e-4,Test_B
0.00302426447160542,0.8860253569241425,0.9352504014968872,0.03405705839395523,170300020206,Base_3e-4,Test_B
0.0026676240377128124,0.3769858786537994,0.4135919213294983,0.026295525953173637,170300020207,Base_3e-4,Test_B
0.0046063382178545,-1.6203712388616651,-3.693420886993408,0.03442519158124924,170300020208,Base_3e-4,Test_B
0.005589829757809639,0.8875852719946349,0.9169688820838928,0.04559013247489929,170300020301,Base_3e-4,Test_B
0.0039555709809064865,0.8861004082973096,0.9563567638397217,0.04126156494021416,170300020302,Base_3e-4,Test_B
0.003569170134142041,0.9404777118918615,0.9530061483383179,0.037644099444150925,170300020303,Base_3e-4,Test_B
0.0025249519385397434,0.8999238268978936,0.9286612272262573,0.029010728001594543,170300020304,Base_3e-4,Test_B
0.002583165420219302,0.8382848371952278,0.9410300850868225,0.030598333105444908,170300020305,Base_3e-4,Test_B
0.006912807002663612,0.5427892677920412,0.7438268661499023,0.05099702626466751,170300020306,Base_3e-4,Test_B
0.003985204733908176,0.5195088297692956,0.769868016242981,0.03621996194124222,170300020307,Base_3e-4,Test_B
0.002546836156398058,0.4306630884863679,0.49754345417022705,0.025544796139001846,170300020308,Base_3e-4,Test_B
0.002222375711426139,0.7948905558212176,0.8654749393463135,0.026186084374785423,170300020309,Base_3e-4,Test_B
0.0011211119126528502,-0.3059673432515848,-1.0213203430175781,0.015347798354923725,170300020310,Base_3e-4,Test_B
0.0017141869757324457,-1.7855854274544587,-4.020354270935059,0.0194020364433527,170300020311,Base_3e-4,Test_B
0.0012087041977792978,-2.7019748745413605,-5.829856872558594,0.016436494886875153,170300020312,Base_3e-4,Test_B
0.02065490558743477,0.819992817823233,0.816922664642334,0.08519060164690018,171100090102,Srad_1e-3,Test_A
0.002645830623805523,0.9277026839045444,0.9334853887557983,0.03144441172480583,170103040202,Srad_1e-3,Test_A
0.007710316218435764,0.8750696625027216,0.9248307943344116,0.05615342780947685,170200090112,Srad_1e-3,Test_A
0.005800414364784956,0.8869786464623202,0.9026303291320801,0.044415418058633804,170602080103,Srad_1e-3,Test_A
0.0018577318405732512,0.8592815170496808,0.9154692888259888,0.02531087026000023,170103040702,Srad_1e-3,Test_A
0.0075675249099731445,0.6645215881242387,0.7435228228569031,0.053596366196870804,170602080201,Srad_1e-3,Test_A
0.00468621077015996,0.8810768000256607,0.8656768798828125,0.0378124974668026,170602070103,Srad_1e-3,Test_A
0.008980694226920605,0.5012566762756616,0.6278518438339233,0.05199296027421951,170200110307,Srad_1e-3,Test_A
0.004053742159157991,0.7927691773588266,0.9133923053741455,0.03970718011260033,170602071002,Srad_1e-3,Test_A
0.013920735567808151,0.6953504474888204,0.8712407350540161,0.07524576038122177,171100050404,Srad_1e-3,Test_A
0.001309833605773747,0.8871517132100162,0.9243061542510986,0.021673450246453285,170602070504,Srad_1e-3,Test_A
0.0034257506486028433,0.8415344685530758,0.9067403078079224,0.035866305232048035,170602071001,Srad_1e-3,Test_A
0.010178005322813988,0.6160454442601251,0.8382983803749084,0.06157636269927025,170103040104,Srad_1e-3,Test_A
0.0063463482074439526,0.8808705272086443,0.8666534423828125,0.04805288836359978,170602080301,Srad_1e-3,Test_A
0.0018395783845335245,0.8646647522690983,0.9214149713516235,0.026211200281977654,170602070702,Srad_1e-3,Test_A
0.007781430147588253,0.46558070563339915,0.4339908957481384,0.048898324370384216,171100060305,Srad_1e-3,Test_A
0.015482683666050434,0.8778925937232379,0.9198861122131348,0.08360543847084045,170200090107,Srad_1e-3,Test_A
0.006217909976840019,0.698107420005319,0.772408664226532,0.045506346970796585,170602070204,Srad_1e-3,Test_A
0.0042636883445084095,0.7132036794900138,0.8136501312255859,0.0382356271147728,170103040504,Srad_1e-3,Test_A
0.002622605999931693,0.8589457962500034,0.9223455190658569,0.0315745584666729,170602080411,Srad_1e-3,Test_A
0.003563227131962776,0.9796513502373695,0.9664656519889832,0.039019450545310974,171100050505,Srad_1e-3,Test_A
0.045615680515766144,0.4910486394025484,0.7325902581214905,0.14073440432548523,170200110103,Srad_1e-3,Test_A
0.0014446876011788845,0.8658406784788961,0.916790246963501,0.02228880487382412,170200090301,Srad_1e-3,Test_A
0.0035228710621595383,0.8765990542410121,0.892189085483551,0.03571770712733269,170602080410,Srad_1e-3,Test_A
0.019523516297340393,0.6594117048227449,0.853833794593811,0.09153058379888535,171100050501,Srad_1e-3,Test_A
0.013817972503602505,0.5772722456337904,0.7976112365722656,0.0749739333987236,170602080506,Srad_1e-3,Test_A
0.007189969997853041,0.7034099266852738,0.8433830142021179,0.05237692594528198,170602080602,Srad_1e-3,Test_A
0.00781454611569643,0.7088218910917832,0.8868937492370605,0.05349449813365936,170103040102,Srad_1e-3,Test_A
0.004425516817718744,0.1639563159288343,0.20672762393951416,0.03859000653028488,170602070503,Srad_1e-3,Test_A
0.04185507819056511,0.6349668533196353,0.8367093801498413,0.13460859656333923,170200110401,Srad_1e-3,Test_A
0.0029553102795034647,0.8107318515426692,0.8817458152770996,0.03127536177635193,170103020201,Srad_1e-3,Test_A
0.012029904872179031,0.738502142901685,0.8869991898536682,0.06982596218585968,170602080501,Srad_1e-3,Test_A
0.0070381369441747665,0.7742234307822324,0.8878998756408691,0.05246232822537422,170602080408,Srad_1e-3,Test_A
0.000827438838314265,0.9381266991256207,0.9216355085372925,0.017701784148812294,170602070206,Srad_1e-3,Test_A
0.03191671893000603,0.5137610480405748,0.7604964375495911,0.11855579167604446,170200090109,Srad_1e-3,Test_A
0.0014908176381140947,0.873997077458659,0.915272057056427,0.023220058530569077,170103040308,Srad_1e-3,Test_A
0.014741258695721626,0.8362516700094309,0.9185476899147034,0.074139304459095,171100060302,Srad_1e-3,Test_A
0.007831158116459846,0.8749362757571663,0.9548578858375549,0.05727324262261391,171100050802,Srad_1e-3,Test_A
0.03100617788732052,0.6058306084161137,0.8138061165809631,0.12321235984563828,170200110104,Srad_1e-3,Test_A
0.004198665264993906,-0.17343612187985236,-0.32875561714172363,0.03939070552587509,170602071103,Srad_1e-3,Test_A
0.011090414598584175,0.8921855268799581,0.8397742509841919,0.05877729877829552,171100090502,Srad_1e-3,Test_A
0.001493140822276473,0.7013233188660015,0.78270423412323,0.022748932242393494,170103040603,Srad_1e-3,Test_A
0.028883706778287888,0.6715423102423417,0.855866551399231,0.11039633303880692,170200110302,Srad_1e-3,Test_A
0.011246846988797188,0.5305282697534959,0.6430209875106812,0.06147019565105438,170200090114,Srad_1e-3,Test_A
0.005102148745208979,0.9657621619895354,0.9472298622131348,0.041666414588689804,170200110303,Srad_1e-3,Test_A
0.0203541349619627,0.30279137413116475,0.4093649983406067,0.08484072983264923,171100090104,Srad_1e-3,Test_A
0.0014984443550929427,0.9038651579864322,0.8536977171897888,0.02335226535797119,170103020301,Srad_1e-3,Test_A
0.013906244188547134,0.8972095685874854,0.8703879117965698,0.07378607243299484,171100090301,Srad_1e-3,Test_A
0.005823061801493168,0.8917335232146685,0.8697690367698669,0.04593297466635704,170602080205,Srad_1e-3,Test_A
0.011016594246029854,0.8142463693081823,0.9202072620391846,0.06945329159498215,171100050503,Srad_1e-3,Test_A
0.10163138061761856,0.5503404805326756,0.7043722867965698,0.2092709243297577,171100050605,Srad_1e-3,Test_A
0.0010796317365020514,0.6380920722662345,0.7386547327041626,0.01913897879421711,170602071101,Srad_1e-3,Test_A
0.005518666934221983,0.7478724657987561,0.9013471007347107,0.045906007289886475,170602080404,Srad_1e-3,Test_A
0.03296386078000069,0.6121935966930102,0.8145614266395569,0.1180114895105362,170200090101,Srad_1e-3,Test_A
0.0033508928027004004,-0.5779735837570283,-1.138289213180542,0.03472857177257538,170602070202,Srad_1e-3,Test_A
0.021906256675720215,0.7185723131478758,0.877677857875824,0.09147263318300247,170300010101,Srad_1e-3,Test_B
0.03429366275668144,0.6042002249864453,0.816665530204773,0.119927778840065,170300010102,Srad_1e-3,Test_B
0.04672913998365402,0.5923746484100201,0.7902636528015137,0.14696192741394043,170300010103,Srad_1e-3,Test_B
0.00846110749989748,0.7673842946123146,0.8965100646018982,0.05148543789982796,170300010104,Srad_1e-3,Test_B
0.0029911028686910868,0.8788890686704213,0.867084801197052,0.030787041410803795,170300010105,Srad_1e-3,Test_B
0.003567769192159176,0.5901983625600746,0.7201122641563416,0.028997601941227913,170300010106,Srad_1e-3,Test_B
0.007443734910339117,0.7615026088212339,0.9006516933441162,0.052361879497766495,170300010201,Srad_1e-3,Test_B
0.013664862141013145,0.5970328068225056,0.8232773542404175,0.06979071348905563,170300010202,Srad_1e-3,Test_B
0.002446971833705902,0.8711125684370994,0.9216440916061401,0.02793021686375141,170300010203,Srad_1e-3,Test_B
0.0018704805988818407,0.8861403996024779,0.8636823296546936,0.024041974917054176,170300010204,Srad_1e-3,Test_B
0.0010841026669368148,0.7263884714424624,0.773612380027771,0.01759972609579563,170300010205,Srad_1e-3,Test_B
0.015511099249124527,0.859167907114728,0.867181122303009,0.07678969204425812,170300010301,Srad_1e-3,Test_B
0.010808619670569897,0.893129064113972,0.8840945363044739,0.06344736367464066,170300010302,Srad_1e-3,Test_B
0.018105443567037582,0.698123030209967,0.868897020816803,0.07908844202756882,170300010303,Srad_1e-3,Test_B
0.006535694468766451,0.8449065928088795,0.8705786466598511,0.047032199800014496,170300010304,Srad_1e-3,Test_B
0.0250740684568882,0.6433641451827242,0.8138083815574646,0.09098635613918304,170300010305,Srad_1e-3,Test_B
0.003110982943326235,0.7332921658271428,0.8101147413253784,0.031168732792139053,170300010306,Srad_1e-3,Test_B
0.001663887407630682,0.3363746795368089,0.4677446484565735,0.02202710509300232,170300010307,Srad_1e-3,Test_B
0.0031468586530536413,0.8970298062954336,0.902076780796051,0.03502681851387024,170300010401,Srad_1e-3,Test_B
0.0014497203519567847,0.8648008671292509,0.9205043911933899,0.022890867665410042,170300010402,Srad_1e-3,Test_B
0.0010888780234381557,0.5009167110669903,0.606735348701477,0.0199033934623003,170300010403,Srad_1e-3,Test_B
0.0014622037997469306,-0.05123373499369399,-0.016973376274108887,0.021975217387080193,170300010404,Srad_1e-3,Test_B
0.0010730823269113898,0.8415661759824766,0.7413054704666138,0.018960868939757347,170300010405,Srad_1e-3,Test_B
0.0020764742512255907,-2.3539677457263264,-5.30920934677124,0.025818195194005966,170300010406,Srad_1e-3,Test_B
0.0012867226032540202,-3.1222947443270197,-6.705757141113281,0.01863657683134079,170300010407,Srad_1e-3,Test_B
0.0009443513117730618,0.5423374021431093,0.40771228075027466,0.01935611292719841,170300010408,Srad_1e-3,Test_B
0.0017443771939724684,-3.8357948206914143,-8.795833587646484,0.022825144231319427,170300010409,Srad_1e-3,Test_B
0.0017917047953233123,0.7800808446709875,0.8296538591384888,0.023807186633348465,170300010501,Srad_1e-3,Test_B
0.0006615677266381681,0.924197945698529,0.8790637850761414,0.016444357112050056,170300010502,Srad_1e-3,Test_B
0.011799617670476437,0.7595887175439057,0.8681721091270447,0.05958925187587738,170300010503,Srad_1e-3,Test_B
0.002393751172348857,0.8061233707572495,0.8357597589492798,0.028321143239736557,170300010504,Srad_1e-3,Test_B
0.0010782483732327819,0.3621913197439899,0.48266375064849854,0.017486028373241425,170300010505,Srad_1e-3,Test_B
0.0013966867700219154,-0.2968444696129664,-0.3001530170440674,0.020082280039787292,170300010506,Srad_1e-3,Test_B
0.0009506320348009467,0.06967121858720526,0.04755812883377075,0.01708289608359337,170300010507,Srad_1e-3,Test_B
0.004283345304429531,0.8624054191235988,0.9234289526939392,0.03964579850435257,170300010508,Srad_1e-3,Test_B
0.017860999330878258,0.44918421418543075,0.6826592683792114,0.07747162878513336,170300010509,Srad_1e-3,Test_B
0.000839637010358274,0.6561499041387121,0.6574528217315674,0.017729004845023155,170300010510,Srad_1e-3,Test_B
0.0015128635568544269,-1.4582347548017394,-2.49462628364563,0.02122335322201252,170300010511,Srad_1e-3,Test_B
0.0008497924427501857,0.8565967845550386,0.8512943387031555,0.017022166401147842,170300010601,Srad_1e-3,Test_B
0.0009675439796410501,0.9154092531272051,0.8822307586669922,0.018618250265717506,170300010602,Srad_1e-3,Test_B
0.0008031969191506505,0.711614120127362,0.7428263425827026,0.016154900193214417,170300010603,Srad_1e-3,Test_B
0.0014427572023123503,-2.8705869543899074,-6.146817207336426,0.019995322450995445,170300010604,Srad_1e-3,Test_B
0.0014422290259972215,-2.2940171234365176,-4.495126724243164,0.02041706256568432,170300010605,Srad_1e-3,Test_B
0.0018416644306853414,-0.823839513004764,-1.091078281402588,0.024307332932949066,170300010701,Srad_1e-3,Test_B
0.0021639957558363676,-5.079904545520603,-13.083316802978516,0.02592550776898861,170300010702,Srad_1e-3,Test_B
0.0019704627338796854,-5.025534841015068,-12.774252891540527,0.0243738554418087,170300010703,Srad_1e-3,Test_B
0.0018146317452192307,-4.724355025213313,-11.856818199157715,0.02326454594731331,170300010704,Srad_1e-3,Test_B
0.0013543207896873355,-2.8755919339087157,-5.972666263580322,0.01925642043352127,170300010705,Srad_1e-3,Test_B
0.002601396292448044,-6.9188828954305475,-20.280162811279297,0.029036974534392357,170300010706,Srad_1e-3,Test_B
0.001890535349957645,-6.385568247310319,-17.866331100463867,0.023244790732860565,170300010707,Srad_1e-3,Test_B
0.0015417112736031413,-4.011806930455584,-9.700444221496582,0.020591920241713524,170300010708,Srad_1e-3,Test_B
0.0010002116905525327,-4.215689851516121,-10.013477325439453,0.015262600965797901,170300010709,Srad_1e-3,Test_B
0.013582020066678524,0.7108831741849403,0.8690395355224609,0.07226573675870895,170300020101,Srad_1e-3,Test_B
0.006048562936484814,0.8124709394648062,0.9054263830184937,0.04644737020134926,170300020102,Srad_1e-3,Test_B
0.007456396706402302,0.8848343354421612,0.9070426821708679,0.05273664742708206,170300020103,Srad_1e-3,Test_B
0.021376915276050568,0.6763849947799334,0.8412837982177734,0.08725211024284363,170300020104,Srad_1e-3,Test_B
0.009827100671827793,0.8356387192931397,0.9061753153800964,0.062141600996255875,170300020105,Srad_1e-3,Test_B
0.021209752187132835,0.7186500483604253,0.8754210472106934,0.09267304837703705,170300020106,Srad_1e-3,Test_B
0.010690161027014256,0.7571940411400148,0.893119215965271,0.06372029334306717,170300020107,Srad_1e-3,Test_B
0.005276811774820089,0.8076963002186142,0.9235926270484924,0.044450610876083374,170300020108,Srad_1e-3,Test_B
0.0022337762638926506,0.8778225015261215,0.9156453609466553,0.0279986709356308,170300020109,Srad_1e-3,Test_B
0.013090082444250584,0.4137070496130404,0.6390957832336426,0.07118344306945801,170300020201,Srad_1e-3,Test_B
0.004224902950227261,0.6209323283039483,0.8101174235343933,0.03902282565832138,170300020202,Srad_1e-3,Test_B
0.004161245189607143,0.7234280212863248,0.8611618280410767,0.04073725640773773,170300020203,Srad_1e-3,Test_B
0.017681827768683434,0.7196560017756612,0.8773125410079956,0.08162835985422134,170300020204,Srad_1e-3,Test_B
0.003821013029664755,0.7057916009275484,0.8834736347198486,0.03733915090560913,170300020205,Srad_1e-3,Test_B
0.005466355010867119,0.7359425544841467,0.8829652070999146,0.047804251313209534,170300020206,Srad_1e-3,Test_B
0.0010515893809497356,0.7103252956391186,0.7688353061676025,0.01882554031908512,170300020207,Srad_1e-3,Test_B
0.0032888762652873993,-1.4180462555226816,-2.3510525226593018,0.03286956995725632,170300020208,Srad_1e-3,Test_B
0.009506896138191223,0.7532954224075961,0.8587849736213684,0.06027702987194061,170300020301,Srad_1e-3,Test_B
0.007980969734489918,0.8093442242721616,0.9119430780410767,0.060578081756830215,170300020302,Srad_1e-3,Test_B
0.0051962765865027905,0.8918952959430562,0.9315826892852783,0.046593841165304184,170300020303,Srad_1e-3,Test_B
0.0029132927302271128,0.8434615651291575,0.9176892042160034,0.03318965435028076,170300020304,Srad_1e-3,Test_B
0.007402562070637941,0.6224406844756293,0.8310102224349976,0.05369660258293152,170300020305,Srad_1e-3,Test_B
0.0034861492458730936,0.7919644190316146,0.8708111047744751,0.033729780465364456,170300020306,Srad_1e-3,Test_B
0.00591313885524869,0.417379160801132,0.658536434173584,0.04296378046274185,170300020307,Srad_1e-3,Test_B
0.0009762585978023708,0.7681957800839763,0.8073973059654236,0.0190208051353693,170300020308,Srad_1e-3,Test_B
0.0012833470245823264,0.8835894312228448,0.922316312789917,0.02125692367553711,170300020309,Srad_1e-3,Test_B
0.0015665448736399412,-1.1996197404810123,-1.824418067932129,0.022206243127584457,170300020310,Srad_1e-3,Test_B
0.0021436624228954315,-2.788340324059601,-5.278162956237793,0.025682084262371063,170300020311,Srad_1e-3,Test_B
0.0014609855134040117,-3.3481337857950946,-7.255387306213379,0.019652720540761948,170300020312,Srad_1e-3,Test_B
0.019996538758277893,0.7156475717605651,0.8227581977844238,0.08161988854408264,171100090102,Srad_3e-4,Test_A
0.0055724396370351315,0.6603602116208622,0.8599121570587158,0.04204370453953743,170103040202,Srad_3e-4,Test_A
0.009713897481560707,0.7695520817740956,0.9052975177764893,0.05933491140604019,170200090112,Srad_3e-4,Test_A
0.025473618879914284,0.3472758893470278,0.5723825693130493,0.10235963016748428,170602080103,Srad_3e-4,Test_A
0.0046641211956739426,0.6084709707616331,0.7877725958824158,0.038585077971220016,170103040702,Srad_3e-4,Test_A
0.023498687893152237,0.08584933521101634,0.20358675718307495,0.09776891022920609,170602080201,Srad_3e-4,Test_A
0.015464355237782001,0.36260562705054245,0.5567378401756287,0.07779287546873093,170602070103,Srad_3e-4,Test_A
0.026665961369872093,-0.08139739420052106,-0.10500216484069824,0.09758075326681137,170200110307,Srad_3e-4,Test_A
0.00574491685256362,0.7563143556850983,0.8772605657577515,0.0440346859395504,170602071002,Srad_3e-4,Test_A
0.004768015816807747,0.9689911091598874,0.9558984637260437,0.0432557575404644,171100050404,Srad_3e-4,Test_A
0.002789265476167202,0.6792267041998148,0.838811457157135,0.03084072470664978,170602070504,Srad_3e-4,Test_A
0.005079601425677538,0.7194899848661954,0.8617172837257385,0.03931944817304611,170602071001,Srad_3e-4,Test_A
0.0009905508486554027,0.9445464126629194,0.9842627644538879,0.019866524264216423,170103040104,Srad_3e-4,Test_A
0.018925750628113747,0.4022974064633934,0.602340817451477,0.08581952750682831,170602080301,Srad_3e-4,Test_A
0.0032815129961818457,0.7025792998458725,0.8598169088363647,0.03174889087677002,170602070702,Srad_3e-4,Test_A
0.010981968604028225,0.17924338534029172,0.20118874311447144,0.059320755302906036,171100060305,Srad_3e-4,Test_A
0.021393219009041786,0.8282225828270808,0.8893025517463684,0.0882108137011528,170200090107,Srad_3e-4,Test_A
0.0255453921854496,0.030445554425430288,0.06497371196746826,0.10253208130598068,170602070204,Srad_3e-4,Test_A
0.013345213606953621,0.2190148726879556,0.41673070192337036,0.06804732978343964,170103040504,Srad_3e-4,Test_A
0.004959365352988243,0.7031970656265303,0.8531548976898193,0.04113401100039482,170602080411,Srad_3e-4,Test_A
0.014147651381790638,0.7451134265790107,0.8668532371520996,0.07695019990205765,171100050505,Srad_3e-4,Test_A
0.019167345017194748,0.7008646045855329,0.8876365423202515,0.09147680550813675,170200110103,Srad_3e-4,Test_A
0.0029116070363670588,0.6680610318031373,0.832300066947937,0.030748434364795685,170200090301,Srad_3e-4,Test_A
0.01349867694079876,0.38406046463838295,0.586898148059845,0.06801274418830872,170602080410,Srad_3e-4,Test_A
0.005502141080796719,0.9751561817678331,0.9588072896003723,0.0462455227971077,171100050501,Srad_3e-4,Test_A
0.0038911583833396435,0.9002288539748695,0.9430070519447327,0.036056339740753174,170602080506,Srad_3e-4,Test_A
0.002950049703940749,0.927522387692083,0.9357399344444275,0.030526641756296158,170602080602,Srad_3e-4,Test_A
0.0008519091061316431,0.9149265705862588,0.9876696467399597,0.018146773800253868,170103040102,Srad_3e-4,Test_A
0.010241650976240635,-0.39064990005751143,-0.8358123302459717,0.05707907676696777,170602070503,Srad_3e-4,Test_A
0.02056136541068554,0.7904242987006193,0.9197832942008972,0.08909717202186584,170200110401,Srad_3e-4,Test_A
0.0029945888090878725,0.7489394450801399,0.8801741600036621,0.030735328793525696,170103020201,Srad_3e-4,Test_A
0.009610937908291817,0.7826422717332417,0.9097213745117188,0.06258539855480194,170602080501,Srad_3e-4,Test_A
0.005606567952781916,0.7746410236995591,0.9107012152671814,0.04196107015013695,170602080408,Srad_3e-4,Test_A
0.0037772359792143106,0.44906337554813547,0.6422680616378784,0.035574134439229965,170602070206,Srad_3e-4,Test_A
0.010279337875545025,0.7511595587530012,0.9228636622428894,0.06741607934236526,170200090109,Srad_3e-4,Test_A
0.0023974471259862185,0.6735380096853802,0.8637454509735107,0.02807425521314144,170103040308,Srad_3e-4,Test_A
0.013077340088784695,0.8972041035583106,0.9277415871620178,0.0722036063671112,171100060302,Srad_3e-4,Test_A
0.007762726861983538,0.9419084964873321,0.9552523493766785,0.054950058460235596,171100050802,Srad_3e-4,Test_A
0.01210145652294159,0.8420811958237207,0.9273300766944885,0.0702379047870636,170200110104,Srad_3e-4,Test_A
0.011305060237646103,-1.0314737405526007,-2.577723503112793,0.06409212946891785,170602071103,Srad_3e-4,Test_A
0.0188693106174469,0.6333505298381772,0.7273908257484436,0.06402131915092468,171100090502,Srad_3e-4,Test_A
0.0053895921446383,0.051217383015504936,0.2156563401222229,0.04426119104027748,170103040603,Srad_3e-4,Test_A
0.011381668969988823,0.952193876256226,0.9432039856910706,0.06758937984704971,170200110302,Srad_3e-4,Test_A
0.03415819630026817,-0.045805505550627235,-0.08419346809387207,0.11557718366384506,170200090114,Srad_3e-4,Test_A
0.014275806024670601,0.6999172001703191,0.8523491621017456,0.07341601699590683,170200110303,Srad_3e-4,Test_A
0.021239137277007103,0.21305995651945153,0.38368409872055054,0.08846183121204376,171100090104,Srad_3e-4,Test_A
0.003655998269096017,0.42588597183865895,0.6430425643920898,0.03626524284482002,170103020301,Srad_3e-4,Test_A
0.015435392037034035,0.8187642504602878,0.8561356067657471,0.0656491369009018,171100090301,Srad_3e-4,Test_A
0.015760518610477448,0.4374749236717045,0.6475208401679993,0.07747503370046616,170602080205,Srad_3e-4,Test_A
0.015445075929164886,0.8280805247421592,0.8881319165229797,0.07325385510921478,171100050503,Srad_3e-4,Test_A
0.09649333357810974,0.6137844136015159,0.7193179130554199,0.20616790652275085,171100050605,Srad_3e-4,Test_A
0.0029707273934036493,0.18387663849536628,0.2808791399002075,0.031288303434848785,170602071101,Srad_3e-4,Test_A
0.003686426905915141,0.8038773476442544,0.9341006278991699,0.03384634479880333,170602080404,Srad_3e-4,Test_A
0.010394136421382427,0.9056624036883638,0.9415276646614075,0.06177186593413353,170200090101,Srad_3e-4,Test_A
0.00511057348921895,-0.9826330743257028,-2.261185884475708,0.04077092930674553,170602070202,Srad_3e-4,Test_A
0.008970307186245918,0.8994001018107143,0.9499108195304871,0.054832249879837036,170300010101,Srad_3e-4,Test_B
0.012196587398648262,0.8326872431702023,0.9347968101501465,0.06804502755403519,170300010102,Srad_3e-4,Test_B
0.03373412787914276,0.6978025806123518,0.8485896587371826,0.11949395388364792,170300010103,Srad_3e-4,Test_B
0.005293045658618212,0.905501166212609,0.9352594017982483,0.04037616029381752,170300010104,Srad_3e-4,Test_B
0.011696156114339828,0.31076873300784014,0.48025965690612793,0.06363369524478912,170300010105,Srad_3e-4,Test_B
0.0026004600804299116,0.756005346844466,0.7959966659545898,0.028605099767446518,170300010106,Srad_3e-4,Test_B
0.004904099274426699,0.861196819547476,0.9345471262931824,0.04186596721410751,170300010201,Srad_3e-4,Test_B
0.0032893335446715355,0.9087203677984442,0.9574602246284485,0.03320111706852913,170300010202,Srad_3e-4,Test_B
0.005944523960351944,0.6403742259537946,0.8096469044685364,0.044606249779462814,170300010203,Srad_3e-4,Test_B
0.008411556482315063,0.24080154599632542,0.38697904348373413,0.05261477828025818,170300010204,Srad_3e-4,Test_B
0.006097019650042057,-0.23808975539743304,-0.27320945262908936,0.046383414417505264,170300010205,Srad_3e-4,Test_B
0.010742866434156895,0.8922820944602624,0.9080106616020203,0.064250148832798,170300010301,Srad_3e-4,Test_B
0.010284673422574997,0.8059953779633147,0.8897130489349365,0.05896424502134323,170300010302,Srad_3e-4,Test_B
0.010388968512415886,0.8182892284403862,0.9247726202011108,0.05878990516066551,170300010303,Srad_3e-4,Test_B
0.009320294484496117,0.7261627400466824,0.8154373168945312,0.05601075291633606,170300010304,Srad_3e-4,Test_B
0.013431783765554428,0.817626429425391,0.9002600908279419,0.06311449408531189,170300010305,Srad_3e-4,Test_B
0.013843895867466927,0.054577940175192574,0.1550094485282898,0.07178162783384323,170300010306,Srad_3e-4,Test_B
0.008387092500925064,-1.000714198449221,-1.6829187870025635,0.055140018463134766,170300010307,Srad_3e-4,Test_B
0.011129421181976795,0.5249097169343695,0.6536772847175598,0.0560557022690773,170300010401,Srad_3e-4,Test_B
0.003631483530625701,0.6558802252851546,0.8008670806884766,0.03199474513530731,170300010402,Srad_3e-4,Test_B
0.004091826267540455,-0.3043587425235017,-0.4778245687484741,0.03935299441218376,170300010403,Srad_3e-4,Test_B
0.0053617642261087894,-1.215494864224734,-2.7291460037231445,0.04470948129892349,170300010404,Srad_3e-4,Test_B
0.0011936131631955504,0.5747949961531538,0.7122483253479004,0.020290665328502655,170300010405,Srad_3e-4,Test_B
0.0059393225237727165,-4.894224329602294,-17.046178817749023,0.044559840112924576,170300010406,Srad_3e-4,Test_B
0.006886484567075968,-9.91885848791504,-40.24088668823242,0.04720883071422577,170300010407,Srad_3e-4,Test_B
0.002974970266222954,-0.40342107972473995,-0.8658716678619385,0.03248588740825653,170300010408,Srad_3e-4,Test_B
0.007072571199387312,-9.61434821969385,-38.71717071533203,0.048614501953125,170300010409,Srad_3e-4,Test_B
0.008477606810629368,0.126765116401778,0.19399255514144897,0.05143309384584427,170300010501,Srad_3e-4,Test_B
0.002579996595159173,0.35976148923051154,0.5283703207969666,0.03038347326219082,170300010502,Srad_3e-4,Test_B
0.00787737313657999,0.9096091395314555,0.9119923114776611,0.052357569336891174,170300010503,Srad_3e-4,Test_B
0.003674843581393361,0.6018755247635685,0.747861385345459,0.034936144948005676,170300010504,Srad_3e-4,Test_B
0.005717393476516008,-1.0081823768605371,-1.743166446685791,0.044345904141664505,170300010505,Srad_3e-4,Test_B
0.005991057492792606,-2.0669331720078015,-4.576977729797363,0.04562564566731453,170300010506,Srad_3e-4,Test_B
0.004558731336146593,-1.5217826023876522,-3.567410469055176,0.03938855975866318,170300010507,Srad_3e-4,Test_B
0.007630201522260904,0.7096635593213652,0.8635990023612976,0.05163189023733139,170300010508,Srad_3e-4,Test_B
0.0055007110349833965,0.787954142737965,0.9022675156593323,0.042218971997499466,170300010509,Srad_3e-4,Test_B
0.0034071137197315693,-0.24255932895055032,-0.3900022506713867,0.035824261605739594,170300010510,Srad_3e-4,Test_B
0.0067129009403288364,-4.683566823936558,-14.50640869140625,0.04778989776968956,170300010511,Srad_3e-4,Test_B
0.002535466570407152,0.3507266639729004,0.5563173294067383,0.029337920248508453,170300010601,Srad_3e-4,Test_B
0.003634457243606448,0.3350152372661306,0.557614803314209,0.035878460854291916,170300010602,Srad_3e-4,Test_B
0.00246162386611104,0.09942896560384518,0.21181881427764893,0.028884392231702805,170300010603,Srad_3e-4,Test_B
0.005243215709924698,-7.072370723473282,-24.97270393371582,0.040950942784547806,170300010604,Srad_3e-4,Test_B
0.005945965182036161,-6.316652908139533,-21.655094146728516,0.0443410687148571,170300010605,Srad_3e-4,Test_B
0.005522619467228651,-2.3313189056024894,-5.270539283752441,0.04356799274682999,170300010701,Srad_3e-4,Test_B
0.006009014323353767,-9.532298620207152,-38.10675811767578,0.04407116025686264,170300010702,Srad_3e-4,Test_B
0.006791295018047094,-11.00399415376164,-46.47362518310547,0.0473652109503746,170300010703,Srad_3e-4,Test_B
0.006257382687181234,-10.355321970516904,-43.334083557128906,0.04491947218775749,170300010704,Srad_3e-4,Test_B
0.006602587644010782,-8.68432470572601,-32.993160247802734,0.04657415673136711,170300010705,Srad_3e-4,Test_B
0.005608749110251665,-10.633598594662306,-44.881168365478516,0.0419333353638649,170300010706,Srad_3e-4,Test_B
0.006456288509070873,-13.853660681231306,-63.42961883544922,0.04570254683494568,170300010707,Srad_3e-4,Test_B
0.006029118318110704,-9.973006019676895,-40.84586715698242,0.04409153014421463,170300010708,Srad_3e-4,Test_B
0.006674989592283964,-15.825228871354437,-72.4992904663086,0.04653783515095711,170300010709,Srad_3e-4,Test_B
0.004987447056919336,0.9532874289078864,0.9519100785255432,0.04215710610151291,170300020101,Srad_3e-4,Test_B
0.006318060215562582,0.7925062210710972,0.9012125730514526,0.04468178749084473,170300020102,Srad_3e-4,Test_B
0.01892768032848835,0.5626123375505242,0.7640326023101807,0.08718691021203995,170300020103,Srad_3e-4,Test_B
0.009202718734741211,0.9355356112129338,0.931672990322113,0.05515321344137192,170300020104,Srad_3e-4,Test_B
0.00896396767348051,0.8401480787159326,0.9144161343574524,0.055117808282375336,170300020105,Srad_3e-4,Test_B
0.008319058455526829,0.9487142306186094,0.9511366486549377,0.05484442785382271,170300020106,Srad_3e-4,Test_B
0.006145589519292116,0.9283062862956882,0.9385560750961304,0.04554516077041626,170300020107,Srad_3e-4,Test_B
0.00542927673086524,0.8491092622025925,0.9213849306106567,0.04341268539428711,170300020108,Srad_3e-4,Test_B
0.005848764907568693,0.5945542546289766,0.7791316509246826,0.04392460733652115,170300020109,Srad_3e-4,Test_B
0.0037952293641865253,0.7517311834648789,0.8953624367713928,0.03656628355383873,170300020201,Srad_3e-4,Test_B
0.0012242523953318596,0.9253502182025887,0.9449776411056519,0.021638261154294014,170300020202,Srad_3e-4,Test_B
0.002963117090985179,0.8113309071650694,0.9011368751525879,0.0337834507226944,170300020203,Srad_3e-4,Test_B
0.009687649086117744,0.9662159793799007,0.9327811002731323,0.060259271413087845,170300020204,Srad_3e-4,Test_B
0.002646161476150155,0.859168881277697,0.9193021655082703,0.028563303872942924,170300020205,Srad_3e-4,Test_B
0.0043733553029596806,0.8404300063396841,0.9063663482666016,0.04050717130303383,170300020206,Srad_3e-4,Test_B
0.004127832129597664,-0.03339125061679593,0.09260296821594238,0.03839224949479103,170300020207,Srad_3e-4,Test_B
0.0081792576238513,-3.0433646380727293,-7.33388614654541,0.05397389456629753,170300020208,Srad_3e-4,Test_B
0.009688161313533783,0.8079763277681065,0.8560924530029297,0.05279763042926788,170300020301,Srad_3e-4,Test_B
0.0064311218447983265,0.8621998472947981,0.9290431141853333,0.0502178855240345,170300020302,Srad_3e-4,Test_B
0.011726707220077515,0.6940687516872545,0.8455990552902222,0.06539615243673325,170300020303,Srad_3e-4,Test_B
0.006396356038749218,0.6797116310369303,0.8192803859710693,0.043632544577121735,170300020304,Srad_3e-4,Test_B
0.0022919492330402136,0.9373318449759014,0.9476780891418457,0.027265412732958794,170300020305,Srad_3e-4,Test_B
0.01703774370253086,0.2257637844501178,0.368619441986084,0.07637737691402435,170300020306,Srad_3e-4,Test_B
0.002417350420728326,0.6352476363276224,0.8604062795639038,0.028300970792770386,170300020307,Srad_3e-4,Test_B
0.0038246193435043097,0.11298221204357883,0.24545395374298096,0.0368872806429863,170300020308,Srad_3e-4,Test_B
0.0032874662429094315,0.6472759873971228,0.8010028004646301,0.030090810731053352,170300020309,Srad_3e-4,Test_B
0.005363921169191599,-3.3470700618281626,-8.670936584472656,0.04259075969457626,170300020310,Srad_3e-4,Test_B
0.007018225267529488,-6.378983420693928,-19.554338455200195,0.04921576753258705,170300020311,Srad_3e-4,Test_B
0.00802356842905283,-10.976363982146525,-44.33766174316406,0.05281730741262436,170300020312,Srad_3e-4,Test_B
0.006928284652531147,0.870426194145694,0.9385902881622314,0.05173594132065773,171100090102,Wind_3e-4,Test_A
0.0020327891688793898,0.9143802734885391,0.9488968849182129,0.02573360875248909,170103040202,Wind_3e-4,Test_A
0.006953711621463299,0.8813397552437303,0.9322071075439453,0.04694371670484543,170200090112,Wind_3e-4,Test_A
0.009922472760081291,0.609199968584049,0.8334347009658813,0.06539110839366913,170602080103,Wind_3e-4,Test_A
0.0019976950716227293,0.8882145671321862,0.9091006517410278,0.02544972114264965,170103040702,Wind_3e-4,Test_A
0.009770144708454609,0.45218728715204237,0.6688719987869263,0.06410146504640579,170602080201,Wind_3e-4,Test_A
0.008415371179580688,0.5927726542015255,0.7587862014770508,0.05435821786522865,170602070103,Wind_3e-4,Test_A
0.008899073116481304,0.402558361618216,0.6312341690063477,0.05489726364612579,170200110307,Wind_3e-4,Test_A
0.001463523949496448,0.9414565647263051,0.9687319993972778,0.023402221500873566,170602071002,Wind_3e-4,Test_A
0.007586310151964426,0.8621243049814307,0.92983078956604,0.05164889991283417,171100050404,Wind_3e-4,Test_A
0.0011588948545977473,0.8424741966173582,0.9330287575721741,0.019247712567448616,170602070504,Wind_3e-4,Test_A
0.0014805758837610483,0.9185714128299612,0.9596940875053406,0.022831646725535393,170602071001,Wind_3e-4,Test_A
0.0050729443319141865,0.7541729287322292,0.9194043278694153,0.042123403400182724,170103040104,Wind_3e-4,Test_A
0.006450377870351076,0.6883046870462688,0.8644676208496094,0.050279244780540466,170602080301,Wind_3e-4,Test_A
0.0013100026408210397,0.8379270225746993,0.944037914276123,0.02210129424929619,170602070702,Wind_3e-4,Test_A
0.002130041131749749,0.7384360347148891,0.8450641632080078,0.024596834555268288,171100060305,Wind_3e-4,Test_A
0.009739660657942295,0.8597519960837041,0.9496029019355774,0.060066770762205124,170200090107,Wind_3e-4,Test_A
0.012298849411308765,0.3525523334946645,0.5498307943344116,0.07252884656190872,170602070204,Wind_3e-4,Test_A
0.00469123525545001,0.5833406626253939,0.7949637174606323,0.03994956612586975,170103040504,Wind_3e-4,Test_A
0.0018097676802426577,0.8676220675137665,0.9464133977890015,0.023611266165971756,170602080411,Wind_3e-4,Test_A
0.009370394051074982,0.8360778951544195,0.9118130803108215,0.060435645282268524,171100050505,Wind_3e-4,Test_A
0.026947446167469025,0.6367342125418627,0.8420277833938599,0.10838077962398529,170200110103,Wind_3e-4,Test_A
0.002268680604174733,0.8993537383750846,0.8693307042121887,0.026200342923402786,170200090301,Wind_3e-4,Test_A
0.006485447753220797,0.5753669659495342,0.8015249967575073,0.04838327318429947,170602080410,Wind_3e-4,Test_A
0.006808941718190908,0.8769170568429572,0.9490236639976501,0.05030694231390953,171100050501,Wind_3e-4,Test_A
0.005130469333380461,0.776438477903756,0.9248551726341248,0.04368665814399719,170602080506,Wind_3e-4,Test_A
0.002164388308301568,0.8778199788004226,0.952853798866272,0.02954123169183731,170602080602,Wind_3e-4,Test_A
0.002256079576909542,0.894352233171967,0.9673459529876709,0.029207618907094002,170103040102,Wind_3e-4,Test_A
0.006236070767045021,-0.09922211342310372,-0.1178135871887207,0.046402882784605026,170602070503,Wind_3e-4,Test_A
0.0244162455201149,0.7415715735239996,0.9047440886497498,0.10260433703660965,170200110401,Wind_3e-4,Test_A
0.0017661831807345152,0.8783258702613652,0.9293277263641357,0.02420809119939804,170103020201,Wind_3e-4,Test_A
0.002595228608697653,0.9542106818210199,0.9756221771240234,0.031470928341150284,170602080501,Wind_3e-4,Test_A
0.0019439056050032377,0.9634845807516077,0.9690383672714233,0.02648782543838024,170602080408,Wind_3e-4,Test_A
0.0018868307815864682,0.624926602989764,0.8213033080101013,0.023532507941126823,170602070206,Wind_3e-4,Test_A
0.023386407643556595,0.5950253531861067,0.824508011341095,0.10152236372232437,170200090109,Wind_3e-4,Test_A
0.0008844913099892437,0.9191283051850053,0.9497315287590027,0.01716238260269165,170103040308,Wind_3e-4,Test_A
0.004796143155544996,0.9242466674862538,0.973499059677124,0.0430462472140789,171100060302,Wind_3e-4,Test_A
0.0026067679282277822,0.9601985346883384,0.9849734902381897,0.03321394324302673,171100050802,Wind_3e-4,Test_A
0.016727032139897346,0.7862055719298144,0.8995531797409058,0.08352523297071457,170200110104,Wind_3e-4,Test_A
0.006594120524823666,-0.5542663763091766,-1.0868477821350098,0.04865741357207298,170602071103,Wind_3e-4,Test_A
0.006059175357222557,0.8000477667274559,0.9124617576599121,0.040753040462732315,171100090502,Wind_3e-4,Test_A
0.0007191449403762817,0.8065819927335895,0.8953433036804199,0.014931395649909973,170103040603,Wind_3e-4,Test_A
0.010992317460477352,0.9006975593369447,0.945146918296814,0.0630413144826889,170200110302,Wind_3e-4,Test_A
0.012931848876178265,0.4185860882260535,0.5895384550094604,0.06486799567937851,170200090114,Wind_3e-4,Test_A
0.00581398606300354,0.8560387007039147,0.9398674964904785,0.045743003487586975,170200110303,Wind_3e-4,Test_A
0.010633839294314384,0.4538302203089414,0.6914279460906982,0.05924711748957634,171100090104,Wind_3e-4,Test_A
0.000732507964130491,0.9576999625967093,0.9284807443618774,0.015462061390280724,170103020301,Wind_3e-4,Test_A
0.0082579106092453,0.8954355776432491,0.923032820224762,0.05012482777237892,171100090301,Wind_3e-4,Test_A
0.005080070812255144,0.7382225678238743,0.8863857984542847,0.04307613521814346,170602080205,Wind_3e-4,Test_A
0.006848900578916073,0.91983207769331,0.9503936767578125,0.04847876727581024,171100050503,Wind_3e-4,Test_A
0.09179981797933578,0.6248650216192887,0.7329705953598022,0.20035888254642487,171100050605,Wind_3e-4,Test_A
0.0005361693329177797,0.7004979355284038,0.8702100515365601,0.012559332884848118,170602071101,Wind_3e-4,Test_A
0.0011483244597911835,0.9893130012376846,0.979472279548645,0.02065524272620678,170602080404,Wind_3e-4,Test_A
0.01219099573791027,0.8375320739344914,0.9314194321632385,0.06697770208120346,170200090101,Wind_3e-4,Test_A
0.0018310893792659044,-0.05698632728820918,-0.1684643030166626,0.022261466830968857,170602070202,Wind_3e-4,Test_A
0.010655982419848442,0.8044569286323489,0.9404981732368469,0.06285890936851501,170300010101,Wind_3e-4,Test_B
0.018175486475229263,0.7244774505793814,0.9028335809707642,0.09044159948825836,170300010102,Wind_3e-4,Test_B
0.04480897635221481,0.6233479673712838,0.798882007598877,0.1439380645751953,170300010103,Wind_3e-4,Test_B
0.005338773131370544,0.8368680231496703,0.9347001314163208,0.0407186783850193,170300010104,Wind_3e-4,Test_B
0.002917420817539096,0.8670386158103516,0.8703590035438538,0.031719811260700226,170300010105,Wind_3e-4,Test_B
0.004169101361185312,0.4103281569406848,0.6729384064674377,0.03252492845058441,170300010106,Wind_3e-4,Test_B
0.0031161659862846136,0.9430535135308199,0.9584099054336548,0.032865751534700394,170300010201,Wind_3e-4,Test_B
0.008105537854135036,0.7186995061579861,0.8951740264892578,0.05335121974349022,170300010202,Wind_3e-4,Test_B
0.002224789932370186,0.948029318426495,0.9287586808204651,0.026055557653307915,170300010203,Wind_3e-4,Test_B
0.00204081111587584,0.8620661815055799,0.8512688875198364,0.02451680786907673,170300010204,Wind_3e-4,Test_B
0.0007516663754358888,0.8786289242853285,0.8430333137512207,0.014070970937609673,170300010205,Wind_3e-4,Test_B
0.00850724708288908,0.9280840347615956,0.9271538853645325,0.05556082725524902,170300010301,Wind_3e-4,Test_B
0.006806547753512859,0.9152353202797442,0.9270104765892029,0.051230717450380325,170300010302,Wind_3e-4,Test_B
0.018544819205999374,0.6973601859512101,0.865715503692627,0.07656408846378326,170300010303,Wind_3e-4,Test_B
0.005842369981110096,0.8116517884906023,0.8843079805374146,0.04418564960360527,170300010304,Wind_3e-4,Test_B
0.017278052866458893,0.7096131097363846,0.8716989755630493,0.07610779255628586,170300010305,Wind_3e-4,Test_B
0.0027549508959054947,0.7367022885212058,0.8318459391593933,0.02839006669819355,170300010306,Wind_3e-4,Test_B
0.0008550331112928689,0.799727155693073,0.726486325263977,0.014896124601364136,170300010307,Wind_3e-4,Test_B
0.00825572106987238,0.6701251968729978,0.7431004047393799,0.04616263136267662,170300010401,Wind_3e-4,Test_B
0.0016518081538379192,0.9546459741051353,0.9094228744506836,0.02246471680700779,170300010402,Wind_3e-4,Test_B
0.0006203752709552646,0.7955118893830532,0.7759421467781067,0.012708744034171104,170300010403,Wind_3e-4,Test_B
0.00042572960956022143,0.7748309658584123,0.703902006149292,0.010226767510175705,170300010404,Wind_3e-4,Test_B
0.0016011614352464676,0.49429137333124407,0.6139981746673584,0.022607438266277313,170300010405,Wind_3e-4,Test_B
0.00015901436563581228,0.6419388541535345,0.5168469548225403,0.00550849549472332,170300010406,Wind_3e-4,Test_B
0.0001627300662221387,0.21152895579638664,0.025463223457336426,0.005547832231968641,170300010407,Wind_3e-4,Test_B
0.0006719708326272666,0.48749389745765326,0.5785466432571411,0.015285411849617958,170300010408,Wind_3e-4,Test_B
0.0001607940357644111,0.23918845144286927,0.0970349907875061,0.005321186035871506,170300010409,Wind_3e-4,Test_B
0.0026327199302613735,0.6705341072956902,0.7496944665908813,0.025670791044831276,170300010501,Wind_3e-4,Test_B
0.0006740338867530227,0.7647229808911858,0.8767849802970886,0.015720749273896217,170300010502,Wind_3e-4,Test_B
0.0062620919197797775,0.9215751917819857,0.930038571357727,0.04530667886137962,170300010503,Wind_3e-4,Test_B
0.002028282731771469,0.8016604149613947,0.8608353137969971,0.0242140032351017,170300010504,Wind_3e-4,Test_B
0.0004768594226334244,0.7312538320192288,0.7712060809135437,0.010879911482334137,170300010505,Wind_3e-4,Test_B
0.0002797155175358057,0.8471400221717695,0.7396174073219299,0.008249723352491856,170300010506,Wind_3e-4,Test_B
0.00028283247957006097,0.5707818824312901,0.7166290283203125,0.008826619945466518,170300010507,Wind_3e-4,Test_B
0.0032613773364573717,0.9392830221166397,0.9416981339454651,0.033641137182712555,170300010508,Wind_3e-4,Test_B
0.013040958903729916,0.538066052027892,0.7682980895042419,0.06624441593885422,170300010509,Wind_3e-4,Test_B
0.0005227762158028781,0.6973763020104629,0.7867226600646973,0.013376006856560707,170300010510,Wind_3e-4,Test_B
0.00017667260544840246,0.7639695558408739,0.5918965935707092,0.006004204507917166,170300010511,Wind_3e-4,Test_B
0.0006125006475485861,0.8356510562057629,0.8928181529045105,0.014019228518009186,170300010601,Wind_3e-4,Test_B
0.0007197773666121066,0.9496853185747387,0.9123888611793518,0.015338187105953693,170300010602,Wind_3e-4,Test_B
0.0005098896799609065,0.6563085845404257,0.8367396593093872,0.012331974692642689,170300010603,Wind_3e-4,Test_B
0.00010904701775871217,0.5355599262814444,0.4598265290260315,0.0045357053168118,170300010604,Wind_3e-4,Test_B
0.00012595283624250442,0.6025240590697155,0.5200992226600647,0.004939500708132982,170300010605,Wind_3e-4,Test_B
0.0002574319951236248,0.7282659156038886,0.7077044248580933,0.007689479272812605,170300010701,Wind_3e-4,Test_B
0.00014368409756571054,0.19814827638271937,0.06490164995193481,0.004853913560509682,170300010702,Wind_3e-4,Test_B
0.000170696439454332,-0.06702280051059084,-0.1932302713394165,0.005523748695850372,170300010703,Wind_3e-4,Test_B
0.0001856563612818718,-0.2032566934275466,-0.315390944480896,0.006005162373185158,170300010704,Wind_3e-4,Test_B
0.00016054061416070908,0.20490249727534515,0.17346304655075073,0.005649758502840996,170300010705,Wind_3e-4,Test_B
0.0001428630785085261,0.043128762743696925,-0.16866075992584229,0.0048264916986227036,170300010706,Wind_3e-4,Test_B
0.0001368419616483152,-0.0722091293795939,-0.36559510231018066,0.004721940029412508,170300010707,Wind_3e-4,Test_B
0.00015059459838084877,0.010452057195633802,-0.04522109031677246,0.0053908005356788635,170300010708,Wind_3e-4,Test_B
0.00013058607873972505,-0.46663323978944415,-0.437902569770813,0.00526577839627862,170300010709,Wind_3e-4,Test_B
0.00914357416331768,0.7898381205020064,0.9118359088897705,0.0586833581328392,170300020101,Wind_3e-4,Test_B
0.0037423204630613327,0.9304270204550614,0.941486120223999,0.036315999925136566,170300020102,Wind_3e-4,Test_B
0.012425487861037254,0.6794679360245278,0.8450940847396851,0.06689409911632538,170300020103,Wind_3e-4,Test_B
0.01317878719419241,0.8047652367681887,0.9021520614624023,0.06369845569133759,170300020104,Wind_3e-4,Test_B
0.00479245325550437,0.9577647422049119,0.9542438387870789,0.03990832716226578,170300020105,Wind_3e-4,Test_B
0.008718203753232956,0.8857789949373754,0.9487922191619873,0.05691403150558472,170300020106,Wind_3e-4,Test_B
0.005430649034678936,0.9155505616111219,0.9457041025161743,0.0462581031024456,170300020107,Wind_3e-4,Test_B
0.003072963794693351,0.944434730912633,0.9555040001869202,0.03377322852611542,170300020108,Wind_3e-4,Test_B
0.0019696797244250774,0.9437546089150716,0.9256185293197632,0.024090809747576714,170300020109,Wind_3e-4,Test_B
0.009393199346959591,0.5012380467296152,0.7410218715667725,0.06087922304868698,170300020201,Wind_3e-4,Test_B
0.0030331260059028864,0.6732806645004604,0.8636802434921265,0.03276092931628227,170300020202,Wind_3e-4,Test_B
0.002705508843064308,0.8206098743576837,0.9097318649291992,0.03283679112792015,170300020203,Wind_3e-4,Test_B
0.009977070614695549,0.8693890681994814,0.9307729005813599,0.05652729421854019,170300020204,Wind_3e-4,Test_B
0.002837577136233449,0.8110533363264538,0.9134647250175476,0.032187674194574356,170300020205,Wind_3e-4,Test_B
0.0035762442275881767,0.8490861023786092,0.923432469367981,0.03740915283560753,170300020206,Wind_3e-4,Test_B
0.0005143224261701107,0.915094191967595,0.886939525604248,0.011910205706954002,170300020207,Wind_3e-4,Test_B
0.0009699426591396332,-0.03259297825413787,0.011720597743988037,0.014932298101484776,170300020208,Wind_3e-4,Test_B
0.006029018200933933,0.8486301879189015,0.9104452133178711,0.045250050723552704,170300020301,Wind_3e-4,Test_B
0.0038691782392561436,0.898406814214736,0.9573099613189697,0.040700431913137436,170300020302,Wind_3e-4,Test_B
0.0026594242081046104,0.933863129843174,0.9649844169616699,0.031355373561382294,170300020303,Wind_3e-4,Test_B
0.0012892349623143673,0.9803581976963531,0.9635745882987976,0.02159970998764038,170300020304,Wind_3e-4,Test_B
0.004497769754379988,0.7365395182303331,0.897322416305542,0.03937093913555145,170300020305,Wind_3e-4,Test_B
0.004953456111252308,0.6452493857397845,0.8164360523223877,0.039099421352148056,170300020306,Wind_3e-4,Test_B
0.008136012591421604,0.25371889685256643,0.5301730632781982,0.05388970300555229,170300020307,Wind_3e-4,Test_B
0.00042933246004395187,0.9106322746305351,0.9152984619140625,0.011982964351773262,170300020308,Wind_3e-4,Test_B
0.00105694227386266,0.9534122848915187,0.936021089553833,0.01854589581489563,170300020309,Wind_3e-4,Test_B
0.00013863964704796672,0.8691453677290806,0.7500382661819458,0.00543427187949419,170300020310,Wind_3e-4,Test_B
0.0002393945906078443,0.2973510030590183,0.29888296127319336,0.0065810801461339,170300020311,Wind_3e-4,Test_B
0.0002192680985899642,-0.1685729078999505,-0.23898768424987793,0.006627493072301149,170300020312,Wind_3e-4,Test_B
0.013349341228604317,0.8056242564189633,0.881676435470581,0.07038608193397522,171100090102,Humidity_3e-4,Test_A
0.0022162245586514473,0.8612206887463892,0.9442853927612305,0.026787029579281807,170103040202,Humidity_3e-4,Test_A
0.004828052595257759,0.9271696212135333,0.9529305100440979,0.042221520096063614,170200090112,Humidity_3e-4,Test_A
0.004933064803481102,0.7451313821080376,0.9171902537345886,0.04371635988354683,170602080103,Humidity_3e-4,Test_A
0.001192991272546351,0.9328715425863601,0.945716381072998,0.019388409331440926,170103040702,Humidity_3e-4,Test_A
0.007016079034656286,0.5577889091404709,0.762212336063385,0.051162589341402054,170602080201,Humidity_3e-4,Test_A
0.004183082841336727,0.7192631989071073,0.880098283290863,0.03823332116007805,170602070103,Humidity_3e-4,Test_A
0.008936977945268154,0.39743288628717555,0.6296634674072266,0.05792683735489845,170200110307,Humidity_3e-4,Test_A
0.0015943072503432631,0.9634012907660755,0.9659377932548523,0.024144653230905533,170602071002,Humidity_3e-4,Test_A
0.006487155798822641,0.84785186046066,0.9399973154067993,0.04828610643744469,171100050404,Humidity_3e-4,Test_A
0.0006243684329092503,0.9283797945701926,0.9639184474945068,0.014907125383615494,170602070504,Humidity_3e-4,Test_A
0.0013910530833527446,0.9590772376889342,0.962131142616272,0.021680481731891632,170602071001,Humidity_3e-4,Test_A
0.0030425938311964273,0.8018461252341761,0.951661229133606,0.03331402689218521,170103040104,Humidity_3e-4,Test_A
0.003876208094879985,0.7915624258359375,0.9185549020767212,0.03641977906227112,170602080301,Humidity_3e-4,Test_A
0.0004917437327094376,0.9360150752607258,0.9789931774139404,0.013125874102115631,170602070702,Humidity_3e-4,Test_A
0.0019315751269459724,0.7527132246179351,0.8595002293586731,0.026348670944571495,171100060305,Humidity_3e-4,Test_A
0.009369230829179287,0.91974479355077,0.9515196681022644,0.061503488570451736,170200090107,Humidity_3e-4,Test_A
0.007221422623842955,0.5196231401402134,0.7356775999069214,0.053935274481773376,170602070204,Humidity_3e-4,Test_A
0.006140416022390127,0.4919293648757411,0.7316254377365112,0.04572492465376854,170103040504,Humidity_3e-4,Test_A
0.0013186653377488256,0.9399637520804236,0.9609547853469849,0.020711423829197884,170602080411,Humidity_3e-4,Test_A
0.006709198467433453,0.8876713599495916,0.9368581771850586,0.05256079509854317,171100050505,Humidity_3e-4,Test_A
0.02250206097960472,0.6508972766212261,0.868087649345398,0.09838947653770447,170200110103,Humidity_3e-4,Test_A
0.0011018825462087989,0.9276154677529963,0.9365348219871521,0.019501185044646263,170200090301,Humidity_3e-4,Test_A
0.003370668040588498,0.7119421457135948,0.8968470096588135,0.033210862427949905,170602080410,Humidity_3e-4,Test_A
0.008558718487620354,0.8185550421023016,0.93592369556427,0.05363728106021881,171100050501,Humidity_3e-4,Test_A
0.007054865825921297,0.7200626929948669,0.8966689109802246,0.05329239368438721,170602080506,Humidity_3e-4,Test_A
0.002686668885871768,0.8119168647820036,0.9414770603179932,0.030912019312381744,170602080602,Humidity_3e-4,Test_A
0.000996217131614685,0.9230141429717634,0.9855809211730957,0.01800210401415825,170103040102,Humidity_3e-4,Test_A
0.004739639814943075,0.07945834424830789,0.15042120218276978,0.03906555473804474,170602070503,Humidity_3e-4,Test_A
0.024588337168097496,0.721356624127415,0.9040727019309998,0.1013689637184143,170200110401,Humidity_3e-4,Test_A
0.0016015480505302548,0.9583496956067812,0.935915470123291,0.023818649351596832,170103020201,Humidity_3e-4,Test_A
0.002687268191948533,0.9615816393186005,0.9747576117515564,0.03088301233947277,170602080501,Humidity_3e-4,Test_A
0.0015547951916232705,0.9253414772405054,0.9752359390258789,0.024441665038466454,170602080408,Humidity_3e-4,Test_A
0.000888960377778858,0.7651421586410919,0.915808916091919,0.01798522099852562,170602070206,Humidity_3e-4,Test_A
0.022951776161789894,0.5904029416076483,0.8277695178985596,0.10046914964914322,170200090109,Humidity_3e-4,Test_A
0.00036830714088864625,0.9731360777228846,0.9790679216384888,0.011479849927127361,170103040308,Humidity_3e-4,Test_A
0.006495838053524494,0.8969947804179927,0.9641074538230896,0.049255311489105225,171100060302,Humidity_3e-4,Test_A
0.003418193431571126,0.969011617166792,0.9802960753440857,0.03800525888800621,171100050802,Humidity_3e-4,Test_A
0.013734832406044006,0.7756160727796022,0.9175215363502502,0.07784618437290192,170200110104,Humidity_3e-4,Test_A
0.005656304303556681,-0.43166221619225187,-0.7900561094284058,0.045301176607608795,170602071103,Humidity_3e-4,Test_A
0.00659041665494442,0.7805784126826425,0.9047867655754089,0.042880430817604065,171100090502,Humidity_3e-4,Test_A
0.0009733097977004945,0.6788201641804955,0.8583548665046692,0.017610060051083565,170103040603,Humidity_3e-4,Test_A
0.01260242611169815,0.83752857990154,0.9371122717857361,0.07212651520967484,170200110302,Humidity_3e-4,Test_A
0.01148267462849617,0.43548431825425715,0.635535717010498,0.06517158448696136,170200090114,Humidity_3e-4,Test_A
0.003900904441252351,0.873144946552584,0.9596539735794067,0.03856069967150688,170200110303,Humidity_3e-4,Test_A
0.014962275512516499,0.3336616289015427,0.5658257007598877,0.07753697037696838,171100090104,Humidity_3e-4,Test_A
0.0008905332069844007,0.8635922649689662,0.9130517840385437,0.017945732921361923,170103020301,Humidity_3e-4,Test_A
0.005976270418614149,0.8950676344141895,0.9442986249923706,0.04513275623321533,171100090301,Humidity_3e-4,Test_A
0.002993881469592452,0.8443551863616658,0.9330427646636963,0.03153305500745773,170602080205,Humidity_3e-4,Test_A
0.005467711482197046,0.9593849060646897,0.9603976011276245,0.04686747491359711,171100050503,Humidity_3e-4,Test_A
0.08629827946424484,0.6074382690851616,0.748973548412323,0.19969169795513153,171100050605,Humidity_3e-4,Test_A
0.00046438915887847543,0.7430496008648637,0.8875858187675476,0.012442132458090782,170602071101,Humidity_3e-4,Test_A
0.0011440037051215768,0.9077351804359387,0.9795495271682739,0.02048448473215103,170602080404,Humidity_3e-4,Test_A
0.015177895314991474,0.7707047850968068,0.914616584777832,0.0756583958864212,170200090101,Humidity_3e-4,Test_A
0.0016819967422634363,-0.05935514994181923,-0.07332444190979004,0.022647015750408173,170602070202,Humidity_3e-4,Test_A
0.009960098192095757,0.8208813325355522,0.9443839192390442,0.05966005101799965,170300010101,Humidity_3e-4,Test_B
0.017804425209760666,0.7319102976617105,0.9048172235488892,0.08377089351415634,170300010102,Humidity_3e-4,Test_B
0.03948599100112915,0.6274873541142149,0.8227733373641968,0.135589137673378,170300010103,Humidity_3e-4,Test_B
0.004711563233286142,0.8667566236230789,0.942371666431427,0.03551380708813667,170300010104,Humidity_3e-4,Test_B
0.002489298116415739,0.8543324630281507,0.8893834352493286,0.027186352759599686,170300010105,Humidity_3e-4,Test_B
0.003004922531545162,0.5512942641283896,0.7642669677734375,0.02665167674422264,170300010106,Humidity_3e-4,Test_B
0.0027012499049305916,0.9471979145502027,0.963947594165802,0.030641717836260796,170300010201,Humidity_3e-4,Test_B
0.006816169247031212,0.7351039945580395,0.9118489623069763,0.04725601151585579,170300010202,Humidity_3e-4,Test_B
0.0017191251972690225,0.9655067894132181,0.9449508786201477,0.023191608488559723,170300010203,Humidity_3e-4,Test_B
0.0018258669879287481,0.7944430519211452,0.8669337034225464,0.02322118915617466,170300010204,Humidity_3e-4,Test_B
0.0006228629499673843,0.8795778235722695,0.8699306845664978,0.012518415227532387,170300010205,Humidity_3e-4,Test_B
0.006565819960087538,0.9175297775744682,0.9437780380249023,0.05153372883796692,170300010301,Humidity_3e-4,Test_B
0.006254884880036116,0.9030534772699874,0.9329261779785156,0.0484011210501194,170300010302,Humidity_3e-4,Test_B
0.015614512376487255,0.6937710022977119,0.8869340419769287,0.07365263998508453,170300010303,Humidity_3e-4,Test_B
0.0051323226653039455,0.8206623845933319,0.8983685374259949,0.03824988007545471,170300010304,Humidity_3e-4,Test_B
0.0174404326826334,0.7065754070828499,0.8704931735992432,0.07109628617763519,170300010305,Humidity_3e-4,Test_B
0.0030213731806725264,0.6752331742271773,0.8155843019485474,0.031447503715753555,170300010306,Humidity_3e-4,Test_B
0.0008935167570598423,0.6404256154574085,0.7141759395599365,0.014908140525221825,170300010307,Humidity_3e-4,Test_B
0.0029215621761977673,0.8567315456995463,0.9090875387191772,0.029447782784700394,170300010401,Humidity_3e-4,Test_B
0.0008099453989416361,0.9539282156957252,0.9555865526199341,0.01551714725792408,170300010402,Humidity_3e-4,Test_B
0.00068801234010607,0.5903864115126342,0.7515140175819397,0.014623123221099377,170300010403,Humidity_3e-4,Test_B
0.0005396525957621634,0.4749334986554803,0.6246676445007324,0.011854814365506172,170300010404,Humidity_3e-4,Test_B
0.0010739892022684216,0.6512527075154342,0.7410868406295776,0.018919192254543304,170300010405,Humidity_3e-4,Test_B
0.0002831422898452729,0.2081985137064778,0.13969361782073975,0.008234567940235138,170300010406,Humidity_3e-4,Test_B
0.00011314702715026215,0.6160836030678853,0.32239973545074463,0.005170940421521664,170300010407,Humidity_3e-4,Test_B
0.0004924724926240742,0.6408789631162766,0.6911261677742004,0.0134837431833148,170300010408,Humidity_3e-4,Test_B
0.00017691384709905833,0.277576860092799,0.0065116286277771,0.006233109626919031,170300010409,Humidity_3e-4,Test_B
0.002397139323875308,0.6102703942535523,0.7720922827720642,0.026421261951327324,170300010501,Humidity_3e-4,Test_B
0.00041136614163406193,0.8962704841960409,0.9248012900352478,0.012440484017133713,170300010502,Humidity_3e-4,Test_B
0.0071701910346746445,0.8879849433280551,0.9198930859565735,0.046701736748218536,170300010503,Humidity_3e-4,Test_B
0.0014080049004405737,0.9115139257520518,0.9033938646316528,0.020880205556750298,170300010504,Humidity_3e-4,Test_B
0.00041993262129835784,0.8944364685136961,0.7985191941261292,0.010668851435184479,170300010505,Humidity_3e-4,Test_B
0.00032362862839363515,0.7462032778927656,0.6987394094467163,0.009311565198004246,170300010506,Humidity_3e-4,Test_B
0.0002125169412465766,0.756927152548948,0.7870784997940063,0.00845743902027607,170300010507,Humidity_3e-4,Test_B
0.003488230984658003,0.9298940395585927,0.9376428127288818,0.035356514155864716,170300010508,Humidity_3e-4,Test_B
0.011125790886580944,0.5886216977238738,0.8023253679275513,0.05781383067369461,170300010509,Humidity_3e-4,Test_B
0.00034995374153368175,0.822014888539027,0.8572291731834412,0.011320309713482857,170300010510,Humidity_3e-4,Test_B
0.00024128975928761065,0.5195001726259184,0.4426347613334656,0.007722489535808563,170300010511,Humidity_3e-4,Test_B
0.0003090758400503546,0.9709321845024703,0.945914626121521,0.0099985646083951,170300010601,Humidity_3e-4,Test_B
0.0007130339508876204,0.827180038560434,0.9132096767425537,0.014971253462135792,170300010602,Humidity_3e-4,Test_B
0.00027038369444198906,0.8776052674767808,0.9134265184402466,0.009533355943858624,170300010603,Humidity_3e-4,Test_B
0.00010976811608998105,0.6133812034283891,0.4562545418739319,0.005081461742520332,170300010604,Humidity_3e-4,Test_B
0.00016442063497379422,0.47306359398872766,0.37353068590164185,0.006116675678640604,170300010605,Humidity_3e-4,Test_B
0.0005379556096158922,0.27027264808087925,0.3891898989677429,0.011990699917078018,170300010701,Humidity_3e-4,Test_B
0.00024848151952028275,-0.28446444783111846,-0.6171215772628784,0.007477080915123224,170300010702,Humidity_3e-4,Test_B
0.00020910261082462966,-0.131594151947376,-0.4617033004760742,0.006750962231308222,170300010703,Humidity_3e-4,Test_B
0.0001820070610847324,0.042843023107410616,-0.2895352840423584,0.0062547773122787476,170300010704,Humidity_3e-4,Test_B
0.00013255540397949517,0.570412298694598,0.31754380464553833,0.005538023542612791,170300010705,Humidity_3e-4,Test_B
0.00029780290788039565,-0.7585958361556091,-1.436112642288208,0.008379627950489521,170300010706,Humidity_3e-4,Test_B
0.00016647559823468328,-0.15046282531827226,-0.6613198518753052,0.005896925926208496,170300010707,Humidity_3e-4,Test_B
0.0001310875959461555,0.3631765590315128,0.09016972780227661,0.005394517909735441,170300010708,Humidity_3e-4,Test_B
6.108262459747493e-05,0.4930199677495479,0.3274102210998535,0.003777934703975916,170300010709,Humidity_3e-4,Test_B
0.007347033359110355,0.814083016802204,0.9291584491729736,0.05158841982483864,170300020101,Humidity_3e-4,Test_B
0.002854680409654975,0.9394290585695794,0.955365002155304,0.030990920960903168,170300020102,Humidity_3e-4,Test_B
0.008811524137854576,0.7428751396689535,0.8901485800743103,0.05825274810194969,170300020103,Humidity_3e-4,Test_B
0.011681425385177135,0.8215014606736875,0.9132694602012634,0.06385795772075653,170300020104,Humidity_3e-4,Test_B
0.006314434111118317,0.9318266839262327,0.939712643623352,0.0479079894721508,170300020105,Humidity_3e-4,Test_B
0.010105252265930176,0.8500728083666568,0.940645158290863,0.062161192297935486,170300020106,Humidity_3e-4,Test_B
0.005712172482162714,0.8797727725837627,0.942889392375946,0.04611726105213165,170300020107,Humidity_3e-4,Test_B
0.0030163356568664312,0.9371655251996259,0.9563239216804504,0.034102119505405426,170300020108,Humidity_3e-4,Test_B
0.0014500643592327833,0.9272295627721825,0.94524085521698,0.022005656734108925,170300020109,Humidity_3e-4,Test_B
0.008628970012068748,0.5346481019799124,0.7620922327041626,0.0575435608625412,170300020201,Humidity_3e-4,Test_B
0.002399326302111149,0.7458696966360423,0.8921655416488647,0.027695873752236366,170300020202,Humidity_3e-4,Test_B
0.002575420308858156,0.8620175552749515,0.9140722155570984,0.030319344252347946,170300020203,Humidity_3e-4,Test_B
0.010129442438483238,0.8627520742577881,0.9297156929969788,0.060615383088588715,170300020204,Humidity_3e-4,Test_B
0.001928239711560309,0.8623577014251863,0.9411960244178772,0.025481808930635452,170300020205,Humidity_3e-4,Test_B
0.003051048843190074,0.8866133349463832,0.9346769452095032,0.034004095941782,170300020206,Humidity_3e-4,Test_B
0.00047151048784144223,0.8511052456151866,0.896350622177124,0.011790966615080833,170300020207,Humidity_3e-4,Test_B
0.001631089486181736,-0.5429172565048697,-0.6619250774383545,0.02148689702153206,170300020208,Humidity_3e-4,Test_B
0.006622097454965115,0.9009478610452879,0.9016356468200684,0.044667311012744904,170300020301,Humidity_3e-4,Test_B
0.0042977482080459595,0.941558975103764,0.9525814056396484,0.04289932921528816,170300020302,Humidity_3e-4,Test_B
0.004316702950745821,0.9256831919689618,0.9431636333465576,0.039831940084695816,170300020303,Humidity_3e-4,Test_B
0.0017583387671038508,0.9653744580984013,0.9503207206726074,0.02478836290538311,170300020304,Humidity_3e-4,Test_B
0.0035371023695915937,0.789850508745072,0.9192530512809753,0.03540012612938881,170300020305,Humidity_3e-4,Test_B
0.005601902492344379,0.5952848207339771,0.7924060821533203,0.04413361847400665,170300020306,Humidity_3e-4,Test_B
0.006597213912755251,0.3230720723440257,0.6190334558486938,0.048716966062784195,170300020307,Humidity_3e-4,Test_B
0.000513229111675173,0.858733701266767,0.8987467885017395,0.012989992275834084,170300020308,Humidity_3e-4,Test_B
0.0010123495012521744,0.9665678267789849,0.9387203454971313,0.017392344772815704,170300020309,Humidity_3e-4,Test_B
0.00025470496620982885,0.48886252241531225,0.5407770872116089,0.00786284264177084,170300020310,Humidity_3e-4,Test_B
0.0004318303253967315,-0.2113418822715325,-0.26470518112182617,0.010056201368570328,170300020311,Humidity_3e-4,Test_B
0.00022227110457606614,0.06344658762965871,-0.25595641136169434,0.0065324073657393456,170300020312,Humidity_3e-4,Test_B
