variation,test_set,median,mean,std,min,max,count
Base_1e-3,Test_A,0.770901144065526,0.7298423102891178,0.2092180437626384,-0.028000478800038975,0.9691072317725689,55
Base_1e-3,Test_B,0.6901514700304294,0.0667847762433328,1.3264456658296255,-5.321352169638023,0.9562111262597695,81
Base_3e-4,Test_A,0.7654511417968857,0.647883869083567,0.3761962924157641,-0.8760835986064439,0.9540316375718045,55
Base_3e-4,Test_B,0.6503412082950824,0.2841757274534208,0.8045173008198934,-2.7019748745413605,0.9570093645303347,81
Humidity_3e-4,Test_A,0.8119168647820036,0.7437491909797647,0.26859273676259465,-0.43166221619225187,0.9731360777228846,55
Humidity_3e-4,Test_B,0.789850508745072,0.6500810266793112,0.35873212057282,-0.7585958361556091,0.9709321845024703,81
Srad_1e-3,Test_A,0.7742234307822324,0.7018838740383225,0.2727954946890484,-0.5779735837570283,0.9796513502373695,55
Srad_1e-3,Test_B,0.7103252956391186,-0.26917712247187986,1.9365448692381149,-6.9188828954305475,0.924197945698529,81
Srad_3e-4,Test_A,0.7008646045855329,0.5379282095866871,0.43704485056381104,-1.0314737405526007,0.9751561817678331,55
Srad_3e-4,Test_B,0.5626123375505242,-1.6186092328481587,4.166597615867623,-15.825228871354437,0.9662159793799007,81
Wind_3e-4,Test_A,0.8375320739344914,0.723034605512061,0.2874970396632111,-0.5542663763091766,0.9893130012376846,55
Wind_3e-4,Test_B,0.7647229808911858,0.6556106962220043,0.325593178676456,-0.46663323978944415,0.9803581976963531,81
