huc12,huc8,snow_type,mean_elevation,mse,kge,mean_true_swe,mean_pred_swe
170200090101,17020009,Maritime,1758.2667236328125,2558.550537109375,0.9764373507325115,425.6404,435.17313
170200090102,17020009,Maritime,1675.9478759765625,5031.66748046875,0.9239817250396852,426.70346,449.96606
170200090103,17020009,Maritime,1568.1055908203125,2277.7802734375,0.9534521102905112,349.15417,362.51108
170200090104,17020009,Maritime,1523.35205078125,6005.662109375,0.9180480755077098,406.57437,436.08304
170200090105,17020009,Maritime,1541.5390625,6014.28857421875,0.9652552934972457,524.265,541.1352
170200090106,17020009,Maritime,1544.55810546875,6108.71484375,0.9357697299628062,442.22202,463.18576
170200090107,17020009,Maritime,1592.383056640625,3425.744140625,0.9700067334067337,442.4732,454.3258
170200090108,17020009,Maritime,1606.0526123046875,1975.3299560546875,0.9854731254981687,400.364,404.1947
170200090109,17020009,Maritime,1298.9515380859375,2250.322509765625,0.9845834406544005,341.6226,343.0955
170200090110,17020009,Maritime,1214.404052734375,1831.4437255859375,0.9628092440934296,271.2161,280.9625
170200090111,17020009,Maritime,1661.7803955078125,3629.8271484375,0.9674484320800362,456.90808,463.27664
170200090112,17020009,Maritime,1634.380126953125,4559.6318359375,0.9560650958830004,306.0819,310.10815
170200090113,17020009,Maritime,1684.6402587890625,9622.3525390625,0.9597183853078397,462.7506,472.55618
170200090114,17020009,Maritime,1176.8883056640625,2004.968994140625,0.9467789594090859,142.66043,148.82979
170200090201,17020009,Maritime,1397.9681396484375,2302.696533203125,0.9583645988574732,231.81407,234.15176
170200090202,17020009,Maritime,1751.808837890625,5197.009765625,0.9251045972237505,324.41666,319.4813
170200090203,17020009,Maritime,1781.8731689453125,4115.341796875,0.9587255381671651,480.55722,499.8974
170200090204,17020009,Maritime,1482.1829833984375,4415.22607421875,0.9333149736765998,275.6013,274.9973
170200090205,17020009,Boreal Forest,1808.5213623046875,3822.900146484375,0.9551743833633597,317.169,320.068
170200090206,17020009,Ephemeral,1155.56982421875,875.3782958984375,0.9652449093200688,154.63475,156.0094
170200090207,17020009,Ephemeral,1187.3475341796875,613.9500732421875,0.9769005046701554,136.48239,139.0282
170200090208,17020009,Montane Forest,1642.8658447265625,1954.0074462890625,0.9627329637169535,201.40858,202.54251
170200090209,17020009,Montane Forest,1203.5965576171875,2243.083740234375,0.9512129409008448,206.95439,216.23988
170200090210,17020009,Ephemeral,1019.595947265625,418.8701477050781,0.969353498708851,103.74998,103.85658
170200090301,17020009,Montane Forest,1331.4361572265625,845.4676513671875,0.9580020064999717,118.75678,118.47635
170200090302,17020009,Montane Forest,1191.95458984375,331.98211669921875,0.9658229318067296,84.52246,85.518974
170200090303,17020009,Ephemeral,761.6177978515625,81.95987701416016,0.780589448825757,14.191387,12.233634
170200090304,17020009,Montane Forest,937.0272216796876,371.6360778808594,0.8478464247895761,49.271057,45.68563
170200090305,17020009,Ephemeral,626.285400390625,70.90386199951172,0.7175689650715529,10.333532,8.457906
170200110101,17020011,Maritime,1474.834716796875,7856.9638671875,0.9626945002227295,469.87387,485.90005
170200110102,17020011,Maritime,1513.260986328125,6552.158203125,0.9660764582229774,466.70203,481.13095
170200110103,17020011,Maritime,1426.5931396484375,7238.921875,0.965034389666487,407.02948,416.8014
170200110104,17020011,Maritime,1559.498291015625,5892.865234375,0.975096842513086,462.61145,469.86282
170200110105,17020011,Maritime,995.3248901367188,3247.435302734375,0.7780873428515989,165.71281,142.72905
170200110106,17020011,Maritime,1293.8719482421875,7465.14111328125,0.9732659307569709,451.2084,458.65042
170200110107,17020011,Maritime,1272.629150390625,5203.24951171875,0.9109009063242881,311.14078,298.15707
170200110108,17020011,Maritime,1117.92431640625,4896.11181640625,0.8390177349044851,235.96446,213.69183
170200110109,17020011,Maritime,1363.655517578125,7835.9443359375,0.9597400730868195,388.4314,396.0855
170200110110,17020011,Maritime,1033.4661865234375,2778.12451171875,0.7982256330060955,155.26418,135.82803
170200110111,17020011,Maritime,850.7471923828125,1218.393798828125,0.8182813588850149,83.58299,74.93109
170200110201,17020011,Maritime,1325.0965576171875,7336.0771484375,0.9526151589965197,405.46704,422.72076
170200110202,17020011,Maritime,1517.413818359375,9294.830078125,0.94683223448074,458.1858,480.96066
170200110203,17020011,Maritime,1089.4365234375,2926.39599609375,0.848668868728934,168.41069,157.0948
170200110301,17020011,Maritime,1668.2537841796875,6125.7060546875,0.9430239749817217,492.7082,480.07776
170200110302,17020011,Maritime,1756.4561767578125,4294.54541015625,0.9731310973529844,502.05466,514.7784
170200110303,17020011,Maritime,1348.75439453125,9153.3369140625,0.8391935183765403,349.84393,319.6143
170200110304,17020011,Maritime,1514.482177734375,10932.88671875,0.8353565463300268,397.71793,362.9436
170200110305,17020011,Maritime,1152.60400390625,3539.741943359375,0.8159446749240189,179.15598,159.32153
170200110306,17020011,Maritime,1420.8909912109375,3545.5419921875,0.8665879853965326,237.82344,222.09654
170200110307,17020011,Maritime,1082.7611083984375,2601.9501953125,0.7900002375468955,138.69638,120.192314
170200110308,17020011,Ephemeral,974.0693969726562,954.9644775390625,0.9215501087251614,113.28478,110.88765
170200110401,17020011,Maritime,1497.4930419921875,8656.8369140625,0.9479340145180526,508.06256,533.1394
170200110402,17020011,Maritime,1568.1270751953125,7315.98681640625,0.939083055963312,456.36395,482.71893
170200110403,17020011,Maritime,1582.222412109375,4736.58447265625,0.920132460798104,364.49246,391.54672
170200110404,17020011,Maritime,1470.603271484375,2642.335205078125,0.9279240833299158,251.41573,266.61926
170200110405,17020011,Maritime,1755.947265625,3016.07958984375,0.9156217284018718,295.52313,315.51962
170200110406,17020011,Montane Forest,1336.942626953125,1813.0152587890625,0.9437412270401648,202.47104,211.29788
170200110501,17020011,Montane Forest,1202.223388671875,574.7753295898438,0.9339797865334682,99.29645,105.34414
170200110502,17020011,Montane Forest,1630.898193359375,2423.94287109375,0.909712704139608,249.2702,268.10657
170200110503,17020011,Montane Forest,834.2981567382812,298.46661376953125,0.9449249782000437,49.14323,48.560085
170200110601,17020011,Montane Forest,1017.407470703125,197.42416381835938,0.9269644463713254,44.82693,43.939648
170200110602,17020011,Montane Forest,1197.9820556640625,343.7699890136719,0.9369212832258071,68.5113,67.131935
170200110603,17020011,Montane Forest,910.6141967773438,186.39527893066406,0.9511697055729226,43.547108,43.520588
170200110604,17020011,Ephemeral,625.73486328125,81.46195983886719,0.9536723623182484,21.22573,21.38946
170200110701,17020011,Ephemeral,771.2534790039062,570.2623291015625,0.8723089239935171,59.784035,55.488754
170200110702,17020011,Maritime,1495.0198974609375,4664.36572265625,0.964146615419409,322.61658,331.40387
170200110703,17020011,Maritime,1269.8480224609375,1101.82373046875,0.9420744531704556,107.00564,112.07074
170200110704,17020011,Montane Forest,885.2120361328125,764.5682983398438,0.8398237080060676,60.38301,55.314465
170200110705,17020011,Ephemeral,774.5068969726562,677.5721435546875,0.8634250177674283,58.46608,54.869698
170200110706,17020011,Ephemeral,657.96337890625,294.52239990234375,0.901980909414738,42.47124,40.92954
170200110707,17020011,Ephemeral,682.1819458007812,273.06121826171875,0.9158536896726253,41.33584,40.949318
170200110708,17020011,Ephemeral,580.5822143554688,94.74111938476562,0.9103087324003126,19.17196,18.431662
171100050402,17110005,Montane Forest,1666.94921875,2412.615234375,0.9666422350344064,360.80865,371.55865
171100050403,17110005,Maritime,1549.4765625,1772.603515625,0.9508764240453619,244.71652,254.71521
171100050404,17110005,Montane Forest,1538.0953369140625,2247.192626953125,0.9584022105807077,323.3136,334.48007
171100050405,17110005,Maritime,1375.6507568359375,1518.43701171875,0.8901493058252358,176.50185,192.09804
171100050501,17110005,Montane Forest,1677.604736328125,2365.62744140625,0.9540412256324697,364.0017,375.51822
171100050502,17110005,Maritime,1508.3389892578125,2216.978515625,0.9240990661200611,249.6461,265.53516
171100050503,17110005,Maritime,1690.579833984375,6153.39208984375,0.8999081887432683,352.1948,377.86044
171100050504,17110005,Maritime,1514.8636474609375,2807.558837890625,0.9261678881203127,300.43628,317.84045
171100050505,17110005,Maritime,1463.52490234375,4019.452392578125,0.9660484916918466,342.26547,350.8385
171100050601,17110005,Maritime,1420.576171875,6283.15673828125,0.9791409962655362,562.88293,567.0549
171100050602,17110005,Maritime,1130.1151123046875,1480.9832763671875,0.8896772258510935,169.01857,182.59042
171100050603,17110005,Maritime,1176.8333740234375,1497.029541015625,0.9692441034279967,243.52069,249.81612
171100050604,17110005,Maritime,1478.9014892578125,3260.48193359375,0.9396261622317609,290.71622,304.5452
171100050605,17110005,Maritime,1425.8505859375,16318.2744140625,0.9144106699429903,738.7101,695.83936
171100050606,17110005,Maritime,1152.6510009765625,3793.064208984375,0.9820880821228324,345.26993,345.43137
171100050607,17110005,Ephemeral,996.6328735351562,1419.023681640625,0.9541758937492442,120.492195,124.50372
171100050701,17110005,Maritime,1720.05615234375,7166.96484375,0.9511759660217519,547.7381,564.88855
171100050702,17110005,Maritime,1669.790771484375,6951.576171875,0.9783904138872908,508.36606,514.57416
171100050703,17110005,Maritime,1376.767578125,7422.8408203125,0.9690576192054193,370.39163,373.5046
171100050704,17110005,Maritime,1017.76513671875,5825.630859375,0.956698572832981,247.88599,249.43668
171100050705,17110005,Maritime,1245.97216796875,6905.23583984375,0.9251081081239424,384.13284,365.14615
171100050706,17110005,Maritime,1283.137939453125,10867.1943359375,0.9657869292384091,397.37732,396.1827
171100050707,17110005,Maritime,1247.895263671875,7762.92529296875,0.9593441768966439,508.79672,493.26535
171100050708,17110005,Maritime,1073.88818359375,3805.4794921875,0.9394722240908836,203.97429,199.3635
171100050801,17110005,Maritime,1507.0206298828125,8522.390625,0.956591924815135,571.5465,591.2928
171100050802,17110005,Maritime,1486.58203125,4433.70703125,0.9700384261436983,421.67413,433.34665
171100050803,17110005,Maritime,1315.60693359375,5572.1171875,0.9625636154887577,392.42307,405.9838
171100050804,17110005,Maritime,1189.8970947265625,3072.23193359375,0.9465635722024148,230.51633,241.269
171100050805,17110005,Maritime,989.87841796875,2424.53125,0.9405700204311658,169.72995,167.33856
171100050901,17110005,Maritime,911.9085083007812,2155.689453125,0.8998498932365457,154.82695,144.40216
171100050902,17110005,Maritime,1170.6822509765625,5317.81103515625,0.8924278035957335,308.55612,288.2303
171100050903,17110005,Maritime,1040.7821044921875,3886.8935546875,0.9075412391146793,299.83218,283.02728
171100050904,17110005,Maritime,1049.7003173828125,6180.23486328125,0.8932066803753399,380.5959,357.24686
171100050905,17110005,Maritime,823.125,1506.93798828125,0.9713179581577172,158.9924,157.76384
171100051001,17110005,Maritime,1342.94384765625,7995.8447265625,0.9769506151255876,612.83435,604.46857
171100051002,17110005,Maritime,1204.3868408203125,5854.525390625,0.9450683012121242,450.86108,438.27957
171100051003,17110005,Maritime,927.3524780273438,5500.91796875,0.9046702656252611,326.54596,312.23248
171100051004,17110005,Maritime,1163.7938232421875,8850.8251953125,0.9525305598531157,469.89124,464.2312
171100051005,17110005,Maritime,924.1756591796876,4633.75927734375,0.8824500291988653,250.48094,230.07077
171100051006,17110005,Maritime,1040.07275390625,15334.5009765625,0.7211697039190261,262.98,216.73085
171100051007,17110005,Maritime,683.352294921875,3627.453125,0.8205675996225766,195.9968,173.64665
171100051101,17110005,Maritime,733.2174072265625,1785.052978515625,0.7993418213631678,90.19906,78.51832
171100051102,17110005,Maritime,1152.068359375,3422.79052734375,0.9617682764139436,272.55545,279.1876
171100051103,17110005,Maritime,950.704345703125,8772.634765625,0.7743228748564749,242.03061,204.45483
171100051104,17110005,Ephemeral,345.8968505859375,517.7135009765625,0.6930441460660299,16.451027,16.024628
171100060101,17110006,Maritime,1283.9217529296875,9658.55078125,0.9746722058253265,528.22943,533.00244
171100060102,17110006,Maritime,1300.9346923828125,7713.7158203125,0.9704334925830643,494.29144,506.668
171100060103,17110006,Maritime,1199.5992431640625,10317.7021484375,0.9100837892059249,440.96918,420.0294
171100060104,17110006,Maritime,1665.130615234375,8047.79931640625,0.9542026555017938,607.7378,629.01337
171100060105,17110006,Maritime,1110.3270263671875,4221.21875,0.9458267571389833,297.3513,293.33313
171100060106,17110006,Maritime,881.5261840820312,3390.215576171875,0.8496822950898009,202.45781,182.56183
171100060201,17110006,Maritime,1740.3756103515625,6757.70458984375,0.9454571517734917,603.3901,626.3109
171100060202,17110006,Maritime,1562.1064453125,3950.928955078125,0.9313014058712471,442.95096,465.77518
171100060203,17110006,Maritime,1515.57275390625,4486.341796875,0.9345040932151503,410.38312,432.3537
171100060204,17110006,Maritime,1404.9581298828125,4811.1083984375,0.9484171251736488,383.98166,399.53107
171100060205,17110006,Maritime,1297.3818359375,3854.95654296875,0.9724002646508926,356.60944,365.30045
171100060301,17110006,Maritime,1381.698974609375,7649.67724609375,0.9482830014841903,356.86115,372.8789
171100060302,17110006,Maritime,1314.1988525390625,5623.19482421875,0.9392815102556702,398.2933,419.52078
171100060303,17110006,Maritime,956.1552124023438,2080.519287109375,0.9255721984609494,178.87762,170.58919
171100060304,17110006,Maritime,1196.7310791015625,5426.4287109375,0.9370388240509673,369.57245,391.10794
171100060305,17110006,Maritime,742.5845336914062,964.3713989257812,0.9369253041076764,102.40875,101.689896
171100060401,17110006,Ephemeral,703.6838989257812,2223.169921875,0.6923626140376347,87.55369,68.7801
171100060402,17110006,Maritime,922.3773803710938,5984.07763671875,0.7539413945134679,213.2139,177.26277
171100060403,17110006,Maritime,888.8098754882812,1632.2794189453125,0.8084752227184623,104.057106,91.24831
171100060404,17110006,Ephemeral,430.0401611328125,550.7721557617188,0.6149859299927631,18.64941,15.64596
171100060405,17110006,Ephemeral,480.1344604492188,533.9124145507812,0.7271077573372007,38.986557,31.727182
171100090101,17110009,Maritime,1385.176513671875,7531.75244140625,0.9712834529843528,508.30957,520.8774
171100090102,17110009,Maritime,1259.2735595703125,4790.72802734375,0.9474311864879899,306.5759,305.20117
171100090103,17110009,Maritime,1262.37548828125,5561.07470703125,0.9511163646861296,454.60754,448.64215
171100090104,17110009,Maritime,1063.8367919921875,2164.4248046875,0.9305682183570647,167.64099,163.89851
171100090201,17110009,Maritime,1222.8116455078125,5876.4609375,0.9591867852155243,375.7627,377.479
171100090202,17110009,Maritime,1056.3743896484375,8768.640625,0.8363748103337396,298.93893,266.95166
171100090203,17110009,Maritime,962.1603393554688,3756.421875,0.8879847808698833,214.9331,203.68243
171100090301,17110009,Maritime,1096.8218994140625,7072.58349609375,0.8792018185356192,336.98795,313.28302
171100090302,17110009,Maritime,807.8592529296875,4779.234375,0.6985533840342376,150.17667,118.427895
171100090303,17110009,Maritime,785.7279663085938,6017.345703125,0.692782088150897,161.42119,127.664955
171100090401,17110009,Maritime,1249.914306640625,8309.4921875,0.9596921049568794,487.66116,484.822
171100090402,17110009,Maritime,1070.086181640625,10506.2451171875,0.8785735266453305,382.99475,358.3167
171100090403,17110009,Maritime,909.7267456054688,10178.1318359375,0.7603095000041556,262.68677,221.7765
171100090501,17110009,Maritime,1030.2728271484375,13800.1396484375,0.8169305141008423,361.55283,317.97046
171100090502,17110009,Maritime,886.87109375,10120.125,0.7725217436619003,285.0972,241.644
171100090503,17110009,Ephemeral,322.9084167480469,97.23168182373047,0.5732488548186494,6.9687757,5.5873137
171100090601,17110009,Ephemeral,549.1618041992188,2117.489013671875,0.7012342569141748,106.14616,82.22034
171100090602,17110009,Ephemeral,610.89306640625,2934.133056640625,0.6587438963113652,96.84991,74.02871
171100090603,17110009,Ephemeral,450.3664245605469,902.129638671875,0.5905121011910313,49.143642,34.06138
171100090701,17110009,Ephemeral,174.8176727294922,19.51917839050293,-0.13460325899549308,0.98304325,0.13585438
171100090702,17110009,Ephemeral,299.6375427246094,966.365966796875,0.6275407967200934,60.897377,43.880283
170103040101,17010304,Montane Forest,1754.2088623046875,1380.3956298828125,0.9755638266191569,272.05942,269.78174
170103040102,17010304,Montane Forest,1629.653076171875,812.8871459960938,0.9750157210539226,194.58864,198.95117
170103040103,17010304,Montane Forest,1560.3963623046875,824.7271728515625,0.9718294294480839,187.56378,192.48634
170103040104,17010304,Montane Forest,1616.87548828125,750.001953125,0.9861137545241435,191.11157,193.28706
170103040105,17010304,Montane Forest,1474.4521484375,599.0161743164062,0.9560696148347029,122.15854,127.27706
170103040201,17010304,Montane Forest,1435.0748291015625,562.1841430664062,0.9578517146314112,125.8938,130.8493
170103040202,17010304,Montane Forest,1409.47265625,1260.948486328125,0.942392100511697,145.67038,153.33958
170103040203,17010304,Montane Forest,1327.787353515625,861.1705322265625,0.9351238573297944,137.21976,145.55678
170103040301,17010304,Montane Forest,1520.1295166015625,724.8508911132812,0.9770447827733743,164.76138,167.95738
170103040302,17010304,Montane Forest,1489.9713134765625,391.3052978515625,0.9778426619886623,109.22589,111.13634
170103040303,17010304,Montane Forest,1519.9420166015625,563.1170043945312,0.9682081517804757,125.60045,129.30626
170103040304,17010304,Montane Forest,1419.0537109375,515.5648803710938,0.9562455490789586,115.833954,120.729034
170103040305,17010304,Montane Forest,1366.658203125,466.3830261230469,0.9479472332611973,113.60342,119.11691
170103040306,17010304,Montane Forest,1467.0321044921875,483.21978759765625,0.956394615557698,121.925224,126.80734
170103040307,17010304,Montane Forest,1335.9293212890625,614.4423828125,0.9548787393210311,99.792175,103.83628
170103040308,17010304,Montane Forest,1256.4407958984375,492.79595947265625,0.9189694210762674,85.433075,91.63661
170103040401,17010304,Montane Forest,1389.81689453125,2268.348388671875,0.9617836058848406,151.44304,152.98485
170103040402,17010304,Montane Forest,1260.1431884765625,915.4155883789062,0.9487163723585786,91.53266,95.23911
170103040501,17010304,Montane Forest,1603.90478515625,1056.172119140625,0.9839992538115886,213.56532,216.38054
170103040502,17010304,Montane Forest,1258.216796875,647.3468627929688,0.9786461624899042,99.85895,100.767975
170103040503,17010304,Montane Forest,1320.18603515625,574.3630981445312,0.9814338175643823,112.21323,113.68226
170103040504,17010304,Montane Forest,1380.6956787109375,648.1251220703125,0.9697813607801489,100.00671,101.73852
170103040505,17010304,Montane Forest,1302.5467529296875,878.1860961914062,0.9769127173111987,129.61266,131.6818
170103040601,17010304,Montane Forest,1155.3277587890625,572.4631958007812,0.9074439869625146,61.086613,66.34458
170103040602,17010304,Montane Forest,1222.385009765625,1349.2568359375,0.9551452179980369,99.827934,100.729996
170103040603,17010304,Montane Forest,1061.7359619140625,397.8432312011719,0.9386122955957564,51.39852,52.7977
170103040604,17010304,Montane Forest,1190.6103515625,695.8016357421875,0.9363712663993634,99.854,96.216415
170103040605,17010304,Ephemeral,984.99658203125,343.9419860839844,0.9225409403806565,43.53754,42.82853
170103040606,17010304,Montane Forest,1134.607177734375,1072.6085205078125,0.9393535262449433,73.80663,75.91623
170103040607,17010304,Prairie,1030.46728515625,507.29119873046875,0.9082439445184196,51.108257,48.902367
170103040608,17010304,Ephemeral,1023.075927734375,461.69915771484375,0.9445094171919538,57.285538,59.554592
170103040609,17010304,Ephemeral,1014.207763671875,526.13037109375,0.941175606756149,53.908855,55.356087
170103040701,17010304,Montane Forest,1315.6888427734375,799.0182495117188,0.9851559211215323,135.48213,136.58633
170103040702,17010304,Montane Forest,1130.1932373046875,640.2450561523438,0.9570750887173887,88.728165,91.95105
170103040703,17010304,Montane Forest,1058.1087646484375,818.69384765625,0.9320835892773527,58.455627,60.985905
170103040801,17010304,Montane Forest,1058.4779052734375,653.6829223632812,0.9414005718665378,58.608944,61.077305
170103040802,17010304,Ephemeral,1102.020751953125,501.63897705078125,0.9787951347437303,89.45399,88.91764
170103040803,17010304,Montane Forest,1067.0162353515625,507.5215759277344,0.9329166050815757,60.315735,58.720623
170103040804,17010304,Montane Forest,1120.6102294921875,740.2402954101562,0.9484694522346687,66.46138,68.19479
170103040805,17010304,Ephemeral,1018.359130859375,488.6202697753906,0.9441883762560133,54.81747,54.537598
170103040901,17010304,Montane Forest,1122.622314453125,779.3450317382812,0.9336754524936743,78.379456,75.72456
170103040902,17010304,Ephemeral,998.451904296875,452.9652404785156,0.867907825455726,39.01164,36.60301
170103040903,17010304,Ephemeral,969.8034057617188,332.8240661621094,0.8513175387355473,30.974321,28.946968
170103041001,17010304,Ephemeral,958.0100708007812,398.42578125,0.8515220393415016,32.927116,31.26304
170103041002,17010304,Ephemeral,958.9921875,352.8851013183594,0.8333649100888086,28.394413,26.438171
170103041003,17010304,Ephemeral,998.0634765625,325.6122131347656,0.8326663649045596,28.963434,26.90511
170103041004,17010304,Ephemeral,953.6527709960938,518.866455078125,0.8282410688337685,34.74086,32.556683
170103041005,17010304,Ephemeral,900.38037109375,297.3227233886719,0.7777458822354957,25.533895,22.394308
170103041101,17010304,Ephemeral,991.4232788085938,428.2496337890625,0.8093861172867073,30.212683,28.25815
170103041102,17010304,Ephemeral,969.258544921875,249.70162963867188,0.7764319058371907,23.692686,20.855854
170103041103,17010304,Ephemeral,900.5989379882812,116.1880111694336,0.7266498713878944,13.631317,11.1966505
170103041104,17010304,Ephemeral,821.0922241210938,113.08134460449219,0.8321514027259382,15.888744,14.549625
170103020101,17010302,Montane Forest,1430.93408203125,1043.037841796875,0.9660368612729988,136.44673,137.89685
170103020102,17010302,Montane Forest,1445.485107421875,859.585693359375,0.9612186308342546,116.746994,116.729095
170103020103,17010302,Montane Forest,1343.4068603515625,1855.8204345703125,0.9414763991591711,107.78985,110.50103
170103020201,17010302,Montane Forest,1246.835693359375,1662.0172119140625,0.9539379286715346,110.05259,112.36449
170103020202,17010302,Montane Forest,1175.266357421875,959.5628662109375,0.9443421973288286,72.93578,74.31248
170103020301,17010302,Montane Forest,1126.7060546875,896.168212890625,0.9378456839516962,68.41639,69.62562
170103020302,17010302,Montane Forest,1354.7249755859375,2554.873291015625,0.9428990128991005,119.556595,122.6175
170103020303,17010302,Montane Forest,1012.606689453125,580.135498046875,0.9237762128575613,49.84706,51.09983
170602070101,17060207,Montane Forest,2090.0380859375,480.20977783203125,0.9325841704364481,146.94823,141.34552
170602070102,17060207,Montane Forest,2146.552978515625,740.8343505859375,0.9628646688645174,200.91855,199.1071
170602070103,17060207,Montane Forest,2084.94287109375,437.2771301269531,0.9752881168516611,148.60262,147.13905
170602070104,17060207,Montane Forest,2131.007568359375,680.627685546875,0.9280465800151458,166.9377,159.57863
170602070105,17060207,Montane Forest,2079.74072265625,584.2656860351562,0.9676957205498465,177.37038,175.88281
170602070106,17060207,Montane Forest,1832.3258056640625,210.7313232421875,0.9785421617219576,77.96326,77.862434
170602070201,17060207,Montane Forest,2160.679443359375,379.14996337890625,0.9838249784267713,155.05629,155.89154
170602070202,17060207,Montane Forest,1584.898193359375,98.07386016845703,0.9390240134634781,24.885923,25.383978
170602070203,17060207,Montane Forest,1842.8214111328125,170.0669403076172,0.9845303344017812,98.67748,98.51751
170602070204,17060207,Montane Forest,2172.22900390625,237.829345703125,0.9918904379612264,132.46811,133.21683
170602070205,17060207,Montane Forest,1770.66650390625,148.26007080078125,0.9704650647922367,80.506165,82.58231
170602070206,17060207,Montane Forest,1670.04833984375,235.2237548828125,0.950609924087182,76.65396,79.5735
170602070301,17060207,Montane Forest,2094.3837890625,1122.898681640625,0.954934411971109,181.61142,189.03053
170602070302,17060207,Montane Forest,1983.2379150390625,365.31182861328125,0.9880361860616336,122.63449,123.28823
170602070303,17060207,Montane Forest,1977.4208984375,359.6673889160156,0.9821769903925637,101.69515,102.73584
170602070304,17060207,Montane Forest,1969.3961181640625,207.11549377441406,0.986538101463282,90.743286,91.68496
170602070305,17060207,Montane Forest,1857.024658203125,269.4449462890625,0.9797916662970524,98.20132,97.648445
170602070306,17060207,Montane Forest,1772.1514892578125,202.0729217529297,0.9765124870628913,73.32227,74.53999
170602070401,17060207,Montane Forest,2086.1669921875,376.6446228027344,0.9795147331599889,169.15747,167.7938
170602070402,17060207,Montane Forest,2023.4625244140625,457.4935302734375,0.9913961172727997,166.98048,166.74187
170602070403,17060207,Montane Forest,1838.92724609375,497.9305114746094,0.9636097824564431,155.25198,150.7738
170602070501,17060207,Montane Forest,1970.0645751953125,436.2242126464844,0.9890213885075676,145.39647,146.48413
170602070502,17060207,Montane Forest,1583.9178466796875,236.82261657714844,0.9263067072331722,77.28533,81.33891
170602070503,17060207,Montane Forest,1694.6776123046875,178.92758178710938,0.9035556771279764,46.35757,50.30789
170602070504,17060207,Montane Forest,1761.3450927734375,229.54092407226562,0.9881558282652979,113.77632,112.76828
170602070601,17060207,Montane Forest,1840.2833251953125,314.9784851074219,0.9855298471058951,134.77232,135.9152
170602070602,17060207,Montane Forest,1896.3292236328125,339.7860412597656,0.9919230062182192,166.16106,167.21591
170602070603,17060207,Montane Forest,1788.7022705078125,175.63710021972656,0.9770757479428862,107.22486,108.65833
170602070701,17060207,Montane Forest,1645.3951416015625,164.12661743164062,0.9788637480672118,75.04115,74.96138
170602070702,17060207,Montane Forest,1814.9486083984373,282.21710205078125,0.9879111633125512,126.65781,127.36306
170602070703,17060207,Montane Forest,1700.474853515625,323.1360168457031,0.9632934603101632,87.65726,85.790474
170602070704,17060207,Montane Forest,1659.6060791015625,459.390869140625,0.9650146305387705,106.76344,110.060905
170602070705,17060207,Montane Forest,1755.846923828125,1022.0468139648438,0.9391931245578696,87.158035,86.57891
170602070706,17060207,Montane Forest,1987.300537109375,932.8178100585938,0.9577747720137834,157.60123,160.9188
170602070707,17060207,Montane Forest,1519.4171142578125,236.2696990966797,0.9116043846920667,48.807545,51.562504
170602070801,17060207,Montane Forest,2136.727783203125,1247.6116943359375,0.921821422063012,147.07239,147.94276
170602070802,17060207,Montane Forest,1993.045166015625,507.1194152832031,0.9308608526681303,100.07429,96.879326
170602070803,17060207,Montane Forest,1845.682861328125,228.8551788330078,0.976679532839034,83.40945,85.13734
170602070901,17060207,Montane Forest,1827.3155517578125,1340.7674560546875,0.9090869346707549,103.81282,101.02514
170602070902,17060207,Montane Forest,2046.1568603515625,1564.293701171875,0.8874155505372494,144.83926,139.92116
170602070903,17060207,Montane Forest,2087.24658203125,1639.684326171875,0.9270445694742349,174.92604,178.62747
170602070904,17060207,Montane Forest,1525.158203125,278.4527587890625,0.8426766825535317,45.133278,51.152756
170602071001,17060207,Montane Forest,1899.7469482421875,469.850341796875,0.9582805472624282,131.8429,136.91185
170602071002,17060207,Montane Forest,1940.6612548828125,818.5419921875,0.9515758456887085,163.96556,171.29019
170602071101,17060207,Ephemeral,1471.481689453125,143.18612670898438,0.941601616098712,48.0705,49.698013
170602071102,17060207,Montane Forest,1952.1531982421875,827.3507690429688,0.9327687045464707,156.36751,166.70634
170602071103,17060207,Montane Forest,1499.4969482421875,189.42958068847656,0.8370977617392441,38.440083,43.266544
170602071104,17060207,Montane Forest,1910.4500732421875,599.081787109375,0.9554179651959388,140.13084,141.7602
170602071105,17060207,Montane Forest,1363.6571044921875,185.93252563476562,0.9209537977562332,39.685806,42.254467
170602071106,17060207,Montane Forest,1747.738037109375,489.2776184082031,0.9455178883463834,125.89061,131.48952
170602071107,17060207,Montane Forest,1537.429931640625,159.09890747070312,0.8954333368038241,40.899136,44.570988
170602080101,17060208,Montane Forest,2237.01953125,2495.503662109375,0.9694692910773439,314.39014,322.22742
170602080102,17060208,Montane Forest,2170.373046875,2038.9251708984375,0.9748273139914506,269.92902,274.33072
170602080103,17060208,Montane Forest,2136.616455078125,1460.0653076171875,0.9531868101978562,201.0763,197.75159
170602080104,17060208,Montane Forest,2189.071533203125,1523.602294921875,0.9724932423614322,189.78226,192.01744
170602080105,17060208,Montane Forest,2189.510009765625,1793.03125,0.9448885737328339,234.77357,230.61281
170602080106,17060208,Montane Forest,2222.720703125,1904.23828125,0.9406374656292871,198.3788,192.9576
170602080107,17060208,Montane Forest,2269.339599609375,1677.6175537109375,0.9405924741704743,159.73692,156.8
170602080108,17060208,Montane Forest,2028.8031005859373,825.6397094726562,0.9672437074721253,115.86319,116.36417
170602080201,17060208,Montane Forest,2331.286376953125,1461.0972900390625,0.9352876361792964,154.43324,150.49065
170602080202,17060208,Montane Forest,2317.228515625,1395.3189697265625,0.9669513097020127,174.45522,175.11888
170602080203,17060208,Montane Forest,2289.28271484375,1876.2340087890625,0.9582925980256328,183.79622,190.28644
170602080204,17060208,Montane Forest,2227.3359375,2036.2535400390625,0.9502019001568347,161.92207,167.9199
170602080205,17060208,Montane Forest,2234.955078125,2460.162841796875,0.9416486475270838,172.59984,180.62833
170602080206,17060208,Montane Forest,2112.7333984375,1206.3369140625,0.939972573476783,119.35723,116.49086
170602080301,17060208,Montane Forest,2203.955078125,1405.4521484375,0.9548941315853254,173.9807,181.27197
170602080302,17060208,Montane Forest,2034.3016357421875,884.6525268554688,0.958019639568349,119.603226,123.63008
170602080303,17060208,Montane Forest,1671.848876953125,252.42581176757812,0.9086050837917437,49.598705,53.556396
170602080401,17060208,Montane Forest,2128.302978515625,1497.7750244140625,0.9763207248352013,240.44693,245.2268
170602080402,17060208,Montane Forest,1981.762939453125,755.9437866210938,0.9845960083644056,190.32631,192.8707
170602080403,17060208,Prairie,1943.677001953125,595.5227661132812,0.9870818702580064,180.86221,182.87544
170602080404,17060208,Prairie,1962.853271484375,904.1973266601562,0.975737096914528,182.7192,186.63524
170602080405,17060208,Montane Forest,2012.4112548828125,771.7963256835938,0.9389326684116096,158.73856,166.97054
170602080406,17060208,Montane Forest,1911.03076171875,604.078857421875,0.9694161316042079,161.81868,165.92032
170602080407,17060208,Montane Forest,1936.4298095703125,830.2314453125,0.9742646300636217,176.76672,180.86739
170602080408,17060208,Montane Forest,2069.45947265625,1398.7723388671875,0.9352393032606059,189.06984,199.33763
170602080409,17060208,Montane Forest,1933.62841796875,456.0231018066406,0.9442563956373373,110.264534,115.44596
170602080410,17060208,Montane Forest,1950.127685546875,631.380859375,0.9609515810904569,137.54611,142.18886
170602080411,17060208,Montane Forest,1917.8697509765625,740.7302856445312,0.9590993294021967,145.31512,150.922
170602080412,17060208,Montane Forest,1696.8564453125,283.5992736816406,0.9796270174427948,72.89606,73.585266
170602080501,17060208,Montane Forest,2150.4853515625,1975.08837890625,0.9553837554051615,250.92686,260.23975
170602080502,17060208,Montane Forest,2089.060302734375,1778.0406494140625,0.9486757004251246,225.30122,236.30649
170602080503,17060208,Montane Forest,2024.9925537109373,615.0679321289062,0.9691049502388416,130.61949,133.9814
170602080504,17060208,Montane Forest,2166.873779296875,1564.21630859375,0.9541522093470763,224.4166,233.03847
170602080505,17060208,Montane Forest,2011.5831298828125,515.6808471679688,0.9682221803283625,126.10443,126.84204
170602080506,17060208,Montane Forest,2066.468505859375,1332.403076171875,0.9669881055139393,214.19954,219.52113
170602080507,17060208,Montane Forest,1791.94189453125,512.0061645507812,0.9506947397444456,119.94387,125.660194
170602080601,17060208,Montane Forest,2037.8604736328125,732.3484497070312,0.9604649571699032,121.659744,125.4972
170602080602,17060208,Prairie,2102.30322265625,1329.92578125,0.9328238938974001,156.77046,165.40363
170602080603,17060208,Montane Forest,2143.184814453125,972.0856323242188,0.9587935133472772,150.66881,154.2444
170602080604,17060208,Montane Forest,1660.8807373046875,276.0600280761719,0.9516264052109018,73.70433,76.59441
170602080605,17060208,Montane Forest,1985.7823486328125,663.2718505859375,0.9477427365916383,113.13045,114.06418
170602080606,17060208,Montane Forest,1588.8458251953125,130.3690185546875,0.8980298532126819,39.85286,42.18188
170602080607,17060208,Montane Forest,2000.8961181640625,369.48651123046875,0.9836432276059082,104.26941,104.463425
170602080608,17060208,Montane Forest,1570.3287353515625,217.6055145263672,0.9675632684480415,68.51694,69.86996
170300010101,17030001,Maritime,1408.8470458984375,4786.888671875,0.9043563717709557,364.0643,391.56918
170300010102,17030001,Maritime,1481.2313232421875,4610.36669921875,0.9378246267883534,397.0527,419.00452
170300010103,17030001,Maritime,1275.4027099609375,5623.53564453125,0.9437613343056585,456.96796,477.30362
170300010104,17030001,Maritime,1215.5150146484375,1920.7225341796875,0.906909286347346,203.94104,218.9525
170300010105,17030001,Maritime,922.0687866210938,954.487060546875,0.9325392672119639,87.81742,92.974014
170300010106,17030001,Ephemeral,813.1897583007812,542.97021484375,0.9581694874741186,63.09963,64.574875
170300010201,17030001,Montane Forest,1406.0216064453125,1694.4482421875,0.898621858698542,209.74019,226.77031
170300010202,17030001,Maritime,1273.6668701171875,1831.970458984375,0.8928193645313588,196.77547,213.24902
170300010203,17030001,Maritime,1077.0406494140625,870.2677612304688,0.8955036675383807,114.09627,123.52095
170300010204,17030001,Montane Forest,1021.0777587890624,401.21478271484375,0.921073794909631,63.478596,67.99001
170300010205,17030001,Montane Forest,815.7278442382812,201.6585693359375,0.9185025352382228,33.667896,36.087364
170300010301,17030001,Maritime,1125.5408935546875,4167.201171875,0.9592118958633399,303.49548,297.44666
170300010302,17030001,Maritime,1150.1895751953125,1959.4510498046875,0.9704917753825476,228.42046,234.00563
170300010303,17030001,Maritime,1104.40625,3608.025390625,0.9631929640067888,313.6021,322.49063
170300010304,17030001,Ephemeral,919.65966796875,1533.1273193359375,0.9799087626037494,165.60698,165.05072
170300010305,17030001,Maritime,1226.841552734375,4000.654052734375,0.9287376984865967,283.975,302.80142
170300010306,17030001,Ephemeral,932.5701904296876,759.8140869140625,0.9609542448097818,85.60879,85.38894
170300010307,17030001,Ephemeral,735.1307373046875,207.3579559326172,0.9165185461769225,28.41434,29.711124
170300010401,17030001,Montane Forest,1601.1229248046875,514.57080078125,0.9812169938190565,133.49608,135.68509
170300010402,17030001,Montane Forest,1360.0452880859375,335.8950500488281,0.9860615494191324,96.32613,96.6122
170300010403,17030001,Ephemeral,992.8074951171876,143.69363403320312,0.9510477378062333,38.53624,38.6875
170300010404,17030001,Ephemeral,886.3950805664062,135.32281494140625,0.8479783292879484,25.233156,23.831547
170300010405,17030001,Ephemeral,1018.459228515625,187.73194885253906,0.8972468049030157,52.92009,50.21206
170300010406,17030001,Ephemeral,797.37451171875,44.7473258972168,0.7301632040937575,8.1838875,7.1655993
170300010407,17030001,Ephemeral,571.1238403320312,31.48689842224121,0.7006111912928508,4.4665847,4.0402274
170300010408,17030001,Ephemeral,781.9408569335938,99.11786651611328,0.9464540843069279,27.151648,28.040556
170300010409,17030001,Ephemeral,660.8126831054688,24.035737991333008,0.7906150767918199,4.6129827,4.607781
170300010501,17030001,Montane Forest,1182.8250732421875,296.2064514160156,0.9607764528132818,59.565697,61.617825
170300010502,17030001,Ephemeral,1008.8427124023438,169.98582458496094,0.9728332638986354,47.08035,46.82269
170300010503,17030001,Montane Forest,1346.603271484375,2984.233642578125,0.9413176727273848,239.46402,252.25764
170300010504,17030001,Montane Forest,995.7343139648438,641.3920288085938,0.9614645464867599,86.41355,88.92389
170300010505,17030001,Ephemeral,732.1282958984375,127.5361557006836,0.908000057566922,20.553307,22.018522
170300010506,17030001,Ephemeral,735.499755859375,79.94780731201172,0.8076488265079105,12.208382,14.366011
170300010507,17030001,Ephemeral,705.2748413085938,60.46106719970703,0.9349292964085851,16.121645,16.981178
170300010508,17030001,Montane Forest,1365.219482421875,1628.6727294921875,0.9415321218975284,193.00717,202.38399
170300010509,17030001,Montane Forest,1221.7301025390625,1935.327880859375,0.9311052425467392,180.89975,190.34315
170300010510,17030001,Ephemeral,816.7047119140625,114.9598388671875,0.9104152666366155,32.2784,34.957264
170300010511,17030001,Ephemeral,669.1697387695312,39.73280715942383,0.8279143465750841,7.5133014,8.7492
170300010601,17030001,Montane Forest,1107.3936767578125,162.9376983642578,0.9558530077811662,42.934776,44.420742
170300010602,17030001,Montane Forest,1103.6126708984375,238.26890563964844,0.9709012918531821,57.735004,58.99119
170300010603,17030001,Prairie,987.0016479492188,129.64212036132812,0.8672587866212698,27.838999,31.383028
170300010604,17030001,Ephemeral,670.0836181640625,35.937957763671875,0.7350739028544345,4.947206,4.6275544
170300010605,17030001,Ephemeral,663.02783203125,24.24104118347168,0.8367803502308215,5.36162,5.523267
170300010701,17030001,Prairie,875.5596923828125,61.125064849853516,0.8472150337864857,11.041392,12.43903
170300010702,17030001,Ephemeral,769.1854248046875,37.556339263916016,0.6531391629857858,4.5785403,3.9446087
170300010703,17030001,Ephemeral,696.9331665039062,38.282676696777344,0.6168372096552633,4.303753,3.580422
170300010704,17030001,Ephemeral,694.760986328125,36.5894775390625,0.6036508186046659,4.2220917,3.409618
170300010705,17030001,Ephemeral,613.5100708007812,20.270702362060547,0.8406814509301905,4.6078887,5.1818476
170300010706,17030001,Ephemeral,834.3231811523438,33.517189025878906,0.6710589958147152,4.0598807,3.7130828
170300010707,17030001,Ephemeral,675.9107055664062,31.215951919555664,0.5999457799452332,3.7144105,2.9421268
170300010708,17030001,Ephemeral,650.7049560546875,26.29689598083496,0.7379915878483836,4.211703,3.8190887
170300010709,17030001,Ephemeral,465.2582092285156,31.743715286254883,0.5797740684804958,3.415612,2.5648158
170300020101,17030002,Maritime,1298.596435546875,2853.42041015625,0.960432978061901,262.24252,267.4159
170300020102,17030002,Maritime,1288.142333984375,1464.1844482421875,0.9404480097490401,215.01843,209.995
170300020103,17030002,Maritime,1471.2294921875,1521.2257080078125,0.9718872657804324,262.38257,262.85477
170300020104,17030002,Maritime,1535.0745849609375,2157.425537109375,0.9819875977086455,326.36163,328.10062
170300020105,17030002,Maritime,1426.357421875,1465.862548828125,0.9773573955689693,289.36145,286.7177
170300020106,17030002,Maritime,1537.79443359375,2527.39892578125,0.985379720180376,390.7081,390.68576
170300020107,17030002,Maritime,1376.90869140625,1587.687744140625,0.9840380047825255,278.08267,277.81836
170300020108,17030002,Montane Forest,1309.40869140625,1068.0819091796875,0.9798637311697247,233.32118,233.91942
170300020109,17030002,Montane Forest,1222.8975830078125,660.8609619140625,0.9704276793468162,125.492966,125.06109
170300020201,17030002,Montane Forest,1293.8148193359375,893.0955200195312,0.9608210524743135,153.78238,159.42912
170300020202,17030002,Montane Forest,1154.064697265625,497.78082275390625,0.9702030931802161,122.91084,121.36455
170300020203,17030002,Montane Forest,1240.654052734375,508.2394714355469,0.9807414458047062,151.57057,154.07721
170300020204,17030002,Maritime,1587.571044921875,2466.13134765625,0.9815820116984588,341.95184,347.34506
170300020205,17030002,Montane Forest,1347.4366455078125,521.213623046875,0.9883786151627775,142.89996,143.97794
170300020206,17030002,Montane Forest,1298.6668701171875,628.9306640625,0.9693586278258893,190.45663,195.57663
170300020207,17030002,Ephemeral,989.1814575195312,190.80599975585938,0.9568192119821021,38.076252,38.903675
170300020208,17030002,Ephemeral,939.7525634765624,116.5753402709961,0.7681736757806138,10.977745,13.373424
170300020301,17030002,Maritime,1442.06298828125,1026.143310546875,0.9688251474662934,219.78534,217.91737
170300020302,17030002,Maritime,1480.1646728515625,1254.303466796875,0.9866706619955584,300.39175,299.69888
170300020303,17030002,Maritime,1620.7957763671875,1108.28515625,0.971239110346628,265.7473,262.3674
170300020304,17030002,Maritime,1471.47021484375,579.7174682617188,0.9678032618880086,158.87068,154.64925
170300020305,17030002,Ephemeral,1322.161865234375,527.920166015625,0.9811016333486978,176.88086,175.08916
170300020306,17030002,Montane Forest,1311.723388671875,436.23583984375,0.984207605435685,128.6124,130.14601
170300020307,17030002,Montane Forest,1217.052978515625,372.0943908691406,0.9763478008283231,87.948975,89.531425
170300020308,17030002,Montane Forest,1020.0358276367188,204.79417419433594,0.9689571522840187,44.89858,45.365517
170300020309,17030002,Montane Forest,1364.1297607421875,333.48541259765625,0.9724648753098072,89.59234,91.14188
170300020310,17030002,Ephemeral,771.5966186523438,32.78596878051758,0.8877863067865234,8.634758,9.263266
170300020311,17030002,Ephemeral,739.93994140625,32.515899658203125,0.8270713933443629,6.6688204,6.214237
170300020312,17030002,Ephemeral,534.2824096679688,29.131044387817383,0.7304394988348542,4.4354515,3.9901874
171100080101,17110008,Maritime,841.281005859375,2316.88916015625,0.7851119189621644,101.57865,87.11665
171100080102,17110008,Ephemeral,734.7232666015625,7675.35986328125,0.7515638476243375,258.39343,213.27342
171100080103,17110008,Maritime,541.0653076171875,1970.791259765625,0.6866753823776572,84.0038,65.59976
171100080104,17110008,Maritime,870.28369140625,6752.47021484375,0.7589733822555346,219.66257,182.33876
171100080105,17110008,Maritime,562.2354736328125,422.3915100097656,0.7013934003278015,19.812859,17.095022
171100080106,17110008,Ephemeral,410.6120300292969,548.4957885742188,0.5349991644047588,29.825333,20.328686
171100080107,17110008,Maritime,949.6394653320312,6125.4033203125,0.8008481548004699,211.98857,183.76369
171100080108,17110008,Maritime,696.4918212890625,1468.16064453125,0.7557502934018905,73.18658,59.520107
171100080109,17110008,Ephemeral,248.7604217529297,47.001991271972656,0.4774268080639187,3.8267596,2.5530415
171100080201,17110008,Maritime,1017.7056274414062,8645.625,0.8535837330073403,319.08017,288.63776
171100080202,17110008,Maritime,815.2352294921875,2882.809814453125,0.7410076357013133,121.80932,98.175934
171100080203,17110008,Ephemeral,568.763916015625,374.4829406738281,0.7624127048496204,32.06923,26.734554
171100080204,17110008,Maritime,872.9476318359375,5803.87841796875,0.7946717936932384,250.7483,214.52835
171100080205,17110008,Ephemeral,461.5382080078125,49.026248931884766,0.08525726649488408,2.2903314,0.71054727
171100080206,17110008,Ephemeral,423.9966735839844,531.3665161132812,0.6472270966771638,35.784634,26.202621
171100080207,17110008,Ephemeral,128.85116577148438,18.9104061126709,-0.0809862832359316,1.2178513,0.12073641
171100080301,17110008,Ephemeral,506.8755493164063,380.2268981933594,0.6665621880731667,19.188755,15.151958
171100080302,17110008,Ephemeral,133.14019775390625,17.53705406188965,0.11985775771394014,1.4257737,0.44035345
171100080303,17110008,Ephemeral,71.19389343261719,11.06432819366455,0.1637447599502948,1.3631368,0.40455064
171100080304,17110008,Ephemeral,67.36672973632812,5.931748390197754,-0.2272457887691819,0.5039544,-0.0017098871
170300030101,17030003,Montane Forest,1549.50537109375,564.7741088867188,0.9535126859752387,145.98598,141.34062
170300030102,17030003,Montane Forest,1196.9451904296875,240.67738342285156,0.9784346132007696,55.764927,55.56042
170300030103,17030003,Montane Forest,1188.030517578125,252.90245056152344,0.9665695458157508,64.12952,62.800266
170300030104,17030003,Ephemeral,735.5899047851562,52.607303619384766,0.8849928123813393,8.896466,9.2349825
170300030105,17030003,Ephemeral,477.72161865234375,45.92113494873047,0.5443591143642315,4.871816,3.4511585
170300030201,17030003,Ephemeral,657.1827392578125,21.773887634277344,0.5988527103409386,2.843519,2.3824544
170300030202,17030003,Ephemeral,635.71533203125,28.23975372314453,0.48106294081982215,2.9687757,2.09696
170300030203,17030003,Ephemeral,509.1555786132813,29.095046997070312,0.4878709703440317,3.092147,2.1261077
170300030204,17030003,Ephemeral,650.0135498046875,35.23272705078125,0.8043655455158597,6.9522834,6.517106
170300030205,17030003,Ephemeral,400.4619445800781,43.40599822998047,0.4689414855450398,3.4684675,2.3268166
170300030206,17030003,Ephemeral,445.6728210449219,26.802385330200195,0.5773408848551651,3.194376,2.4036934
170300030301,17030003,Ephemeral,1086.0809326171875,218.34896850585938,0.9483617881720898,44.35488,43.10307
170300030302,17030003,Ephemeral,652.9210815429688,127.4189453125,0.8880115073797946,17.464912,19.183315
170300030303,17030003,Ephemeral,760.148193359375,60.433712005615234,0.9201991748735252,11.313373,11.309773
170300030304,17030003,Ephemeral,440.3016052246094,47.58008575439453,0.584461233320353,5.352095,4.0209746
170300030305,17030003,Ephemeral,477.9607238769531,49.2525749206543,0.49455025688777554,4.528486,3.034537
170300030401,17030003,Ephemeral,306.196533203125,27.34134864807129,0.4290425195788602,2.6336074,1.6071922
170300030402,17030003,Ephemeral,246.24777221679688,17.863548278808594,0.5327719603744356,2.3663573,1.6441191
170300030403,17030003,Ephemeral,241.4886779785156,16.523460388183594,0.5504784365704934,2.3613393,1.7103896
170300030501,17030003,Ephemeral,320.87237548828125,18.123077392578125,0.5538499612388621,2.5886402,1.8883287
170300030502,17030003,Ephemeral,360.6940612792969,19.24040985107422,0.49253807572553865,2.4895234,1.6938541
170300030503,17030003,Ephemeral,392.6230773925781,13.200041770935059,0.5744539525591744,2.14318,1.6184819
170300030504,17030003,Ephemeral,397.4769592285156,12.018828392028809,0.5549712801859501,2.019053,1.4894038
170300030505,17030003,Ephemeral,363.382568359375,13.824376106262207,0.512054808746119,2.1133935,1.4621242
170300030506,17030003,Ephemeral,235.6443328857422,19.981456756591797,0.36882986864600387,2.1346753,1.2297183
170300030601,17030003,Prairie,1156.4744873046875,533.453369140625,0.9150453141667906,48.30148,46.823093
170300030602,17030003,Montane Forest,1231.6463623046875,824.4111938476562,0.8136186592586897,74.78928,65.153
170300030603,17030003,Ephemeral,835.4295654296875,111.1069107055664,0.9235037481233674,13.239524,13.772505
170300030604,17030003,Ephemeral,323.2261657714844,34.74907302856445,0.44532083356497265,3.1979594,2.0040998
170300030605,17030003,Ephemeral,547.367919921875,42.912471771240234,0.7236770206906812,6.8546968,5.7010307
170300030606,17030003,Ephemeral,377.0464172363281,34.57804870605469,0.5237856998609985,3.893943,2.637536
170300030607,17030003,Ephemeral,300.3200988769531,31.637998580932617,0.39230148969607426,2.887757,1.6773345
170300030701,17030003,Ephemeral,1030.18603515625,375.40869140625,0.8994887947056475,32.231308,31.326601
170300030702,17030003,Ephemeral,973.172119140625,174.86444091796875,0.8415518167913407,21.16739,19.206326
170300030703,17030003,Ephemeral,972.9564208984376,366.74554443359375,0.8456615627782831,33.686115,30.628498
170300030704,17030003,Ephemeral,1135.0821533203125,958.5577392578125,0.9425595574868082,84.41967,82.89658
170300030705,17030003,Ephemeral,583.5183715820312,53.54855728149414,0.5906288463554326,6.0466995,4.5070653
170300030706,17030003,Ephemeral,695.7915649414062,42.67690658569336,0.6580538765160489,6.0986032,4.788691
170300030801,17030003,Ephemeral,1108.653076171875,459.0726318359375,0.8785551705410473,48.720245,44.7819
170300030802,17030003,Ephemeral,848.3003540039062,97.48414611816406,0.8608794016677597,12.522969,12.202922
170300030803,17030003,Ephemeral,518.4511108398438,43.721248626708984,0.4705920626567974,4.0986032,2.6550336
170300030804,17030003,Ephemeral,571.1368408203125,32.537715911865234,0.5516585912850152,4.1221857,2.9279666
170300030805,17030003,Ephemeral,859.5877685546875,70.8080062866211,0.6687376099464049,9.428879,7.3139396
170300030806,17030003,Ephemeral,571.6466064453125,29.02481460571289,0.5887831573228159,4.238291,3.1254497
170300030807,17030003,Ephemeral,355.73101806640625,22.94520378112793,0.4710639936589712,2.676818,1.7204504
170300030901,17030003,Ephemeral,617.1883544921875,13.588187217712402,0.6286335683632371,2.4169064,1.9839453
170300030902,17030003,Ephemeral,581.6543579101562,15.781834602355957,0.5690318879672572,2.3345935,1.8031971
170300030903,17030003,Ephemeral,313.5595397949219,11.143807411193848,0.5000977883872146,1.8583608,1.2489371
170300030904,17030003,Ephemeral,514.757568359375,15.014877319335938,0.592825722141025,2.4725907,1.9336457
170300030905,17030003,Ephemeral,290.1058349609375,16.71078109741211,0.3940554234462217,1.8971857,1.1475941
170300030906,17030003,Ephemeral,312.5760803222656,14.412854194641113,0.44013893934511905,1.8640096,1.2052372
170300031001,17030003,Ephemeral,303.60467529296875,19.934873580932617,0.4485799967054569,2.2582169,1.4467121
170300031002,17030003,Ephemeral,357.9724426269531,19.84967803955078,0.4784598263781056,2.4595315,1.6305182
170300031003,17030003,Ephemeral,289.797607421875,17.027515411376953,0.4431791613673336,2.1039097,1.3387357
170300031004,17030003,Ephemeral,269.01239013671875,20.9269962310791,0.33867331185082483,1.9703368,1.0959346
170300031005,17030003,Ephemeral,487.2102355957031,17.642704010009766,0.48725612549940667,2.3238645,1.5866401
170300031006,17030003,Ephemeral,574.366455078125,11.088447570800781,0.6408640728550479,2.2814984,1.7891133
170300031007,17030003,Ephemeral,288.9006042480469,20.05015754699707,0.36951222863752275,1.950379,1.1084658
170300031101,17030003,Ephemeral,660.7750854492188,16.847814559936523,0.7908932751832434,3.2513206,3.5892355
170300031102,17030003,Ephemeral,696.6400756835938,16.74669647216797,0.7122627071704106,2.949231,2.8104649
170300031103,17030003,Ephemeral,567.3662109375,16.255876541137695,0.5914922261407569,2.4526703,1.9175607
170300031104,17030003,Ephemeral,453.4736022949219,18.34152603149414,0.6032224298842884,2.6714988,2.1529348
170300031105,17030003,Ephemeral,525.9562377929688,20.051542282104492,0.5688110135872364,2.7458231,2.0815115
170300031106,17030003,Ephemeral,279.19561767578125,29.665124893188477,0.2760988206277335,2.220886,1.1306343
170300031107,17030003,Ephemeral,300.3139953613281,27.729036331176758,0.3219670264836363,2.2731538,1.1840928
170300031108,17030003,Ephemeral,244.0322265625,27.96271324157715,0.2524466757897642,2.1192138,0.95953953
170300031109,17030003,Ephemeral,244.01190185546875,32.574485778808594,0.19251503164246941,2.0948029,0.85945255
170300031201,17030003,Ephemeral,582.4099731445312,22.45168685913086,0.5378905088474446,2.6412625,1.9709226
170300031202,17030003,Ephemeral,338.86651611328125,13.612013816833496,0.4354975496547471,1.8260752,1.0710168
170300031203,17030003,Ephemeral,283.9980163574219,36.91754150390625,0.1633778048062099,2.3564653,0.87071854
170300031204,17030003,Ephemeral,343.3890075683594,59.22019958496094,0.13418483396335001,2.9925132,1.0906669
170300031205,17030003,Ephemeral,179.0090789794922,42.9408073425293,0.0576979900489627,1.9845328,0.5977539
170200100101,17020010,Montane Forest,1591.718017578125,2788.661376953125,0.9438366666419606,207.95317,218.61845
170200100102,17020010,Montane Forest,1187.1451416015625,1332.349853515625,0.9254962001715757,89.99162,91.7663
170200100103,17020010,Montane Forest,1032.006103515625,537.7237548828125,0.9069579819214557,60.7765,58.8589
170200100201,17020010,Maritime,1813.458251953125,7763.55224609375,0.9499878062526114,535.3094,538.735
170200100202,17020010,Maritime,1550.284423828125,2721.56201171875,0.9565855151619486,300.67966,298.80182
170200100203,17020010,Maritime,1801.0850830078125,3020.169677734375,0.9667889355124013,339.20987,346.68674
170200100204,17020010,Montane Forest,1453.8472900390625,1550.387451171875,0.974959121080683,201.19975,204.89662
170200100205,17020010,Montane Forest,1186.30029296875,614.4891357421875,0.9616999253750721,93.51082,94.35607
170200100206,17020010,Prairie,877.0989379882812,390.1839599609375,0.7301383235495542,33.673275,27.685484
170200100207,17020010,Ephemeral,943.5599975585938,371.12408447265625,0.9454395523295588,64.53352,65.22477
170200100208,17020010,Montane Forest,1164.660888671875,1753.9918212890625,0.9130600273316268,101.125885,108.67063
170200100209,17020010,Ephemeral,760.7432861328125,182.84591674804688,0.8241257441259691,19.447823,17.474293
170200100301,17020010,Ephemeral,755.5093994140625,186.65643310546875,0.7191113236150976,18.991028,15.439674
170200100302,17020010,Ephemeral,598.978759765625,132.43971252441406,0.5689531732744364,12.544125,8.887905
170200100303,17020010,Ephemeral,539.993896484375,65.5775375366211,0.7381718255021347,10.536566,8.593831
170200100304,17020010,Prairie,868.775390625,140.41848754882812,0.7091691857882338,16.595522,13.600973
170200100305,17020010,Montane Forest,1006.625244140625,425.8943176269531,0.899204030377311,37.318817,38.622643
170200100306,17020010,Ephemeral,619.109130859375,55.55705642700195,0.8393868193760823,10.458916,9.461345
170200100307,17020010,Ephemeral,549.716796875,39.0009765625,0.8434262016296488,9.067995,8.318602
170200100308,17020010,Ephemeral,538.7216796875,45.775264739990234,0.929972119720859,13.048377,13.518269
170200100309,17020010,Montane Forest,990.1131591796876,184.6243896484375,0.9622763802663074,54.465797,53.539497
170200100310,17020010,Montane Forest,1155.7769775390625,187.6807098388672,0.9375607579696038,66.74609,64.02853
170200100311,17020010,Prairie,948.3427734375,83.84735870361328,0.791583708715837,12.8914,11.751089
170200100312,17020010,Prairie,895.9908447265625,109.15090942382812,0.7340329947898205,17.40838,14.717709
170200100313,17020010,Ephemeral,404.068359375,26.77363395690918,0.771659717430862,6.1533484,5.5617456
170200100401,17020010,Ephemeral,542.2255859375,44.738529205322266,0.6974325352657524,7.691318,6.4744544
170200100402,17020010,Montane Forest,1042.77734375,159.34896850585938,0.8779385574027608,32.752556,30.530357
170200100403,17020010,Ephemeral,976.2691040039062,171.95840454101562,0.8227350152467685,30.456203,27.25622
170200100404,17020010,Ephemeral,592.038818359375,50.93441390991211,0.7236049459572136,7.1063404,6.4398375
170200100405,17020010,Ephemeral,372.5540771484375,45.4619140625,0.5738471971424388,6.4173026,4.6968474
170200100406,17020010,Ephemeral,875.439697265625,121.31629943847656,0.8804827399048422,30.186197,28.726578
170200100407,17020010,Ephemeral,809.2086181640625,53.201255798339844,0.8041738664685476,11.802434,11.053875
170200100408,17020010,Ephemeral,399.1189880371094,26.457447052001953,0.48079901292589144,3.1895764,2.07901
170200100409,17020010,Ephemeral,523.7396850585938,23.425880432128906,0.547421531709948,3.174507,2.3139825
170200100501,17020010,Ephemeral,645.0222778320312,33.53518295288086,0.7254951537149459,6.353679,5.6045322
170200100502,17020010,Ephemeral,354.9403076171875,24.682418823242188,0.44746769587744717,2.8441522,1.7900023
170200100503,17020010,Ephemeral,607.6605834960938,24.94764518737793,0.5540740895958967,3.2637632,2.4665382
170200100504,17020010,Ephemeral,383.3063049316406,28.648635864257812,0.3161377291638753,2.5506163,1.3666383
170200100505,17020010,Ephemeral,597.0785522460938,25.9834041595459,0.6578207359590191,4.0640173,3.4231758
170200100506,17020010,Ephemeral,421.1155090332031,23.11981201171875,0.623954528457013,3.5207477,2.8983922
170200100507,17020010,Ephemeral,291.7341003417969,18.861717224121094,0.4127646955607184,2.1991234,1.3318573
171100070101,17110007,Maritime,910.5665283203124,3558.419921875,0.8149154909002969,147.29828,128.74173
171100070102,17110007,Maritime,528.3449096679688,1796.275634765625,0.6720476079937383,81.453575,61.226093
171100070103,17110007,Ephemeral,595.4522705078125,3366.4736328125,0.7620689670028156,122.461624,101.42855
171100070104,17110007,Ephemeral,484.8033752441406,1423.284423828125,0.6730334482487293,71.25942,53.89225
171100070105,17110007,Ephemeral,453.7525939941406,1696.5328369140625,0.6053844950395149,72.89551,51.05161
171100070106,17110007,Maritime,698.6197509765625,3885.33935546875,0.6103317628731362,103.765236,72.10203
171100070107,17110007,Ephemeral,341.6166076660156,658.350830078125,0.3251757934255006,23.339485,11.780012
171100070201,17110007,Ephemeral,379.9285583496094,2139.05810546875,0.37298491773630726,51.800533,27.24851
171100070202,17110007,Ephemeral,133.603515625,11.828656196594238,0.11119760097406994,1.1761161,0.34681672
171100070203,17110007,Ephemeral,19.38456153869629,4.101578235626221,-0.02241287124118574,0.38195017,0.06509163
171100070204,17110007,Ephemeral,57.81182098388672,5.553696155548096,-0.29179762330180625,0.44674796,-0.0132075995
