huc_id,date,mean_lidar_swe
171001010501,2016-02-08,0.0
171001010601,2016-02-08,0.0
171001010602,2016-02-08,0.0
171001010701,2016-02-08,0.2774408459663391
171001010702,2016-02-08,0.0
171001010703,2016-02-08,0.0
171001010704,2016-02-08,0.0
171001010705,2016-02-08,0.0
171001020101,2016-02-08,0.0
171001020102,2016-02-08,0.0
171001020201,2016-02-08,0.25859498977661133
171001020202,2016-02-08,0.0
171001020203,2016-02-08,0.0
171001020204,2016-02-08,0.0
171001020205,2016-02-08,0.0
171001020206,2016-02-08,0.0
171001020207,2016-02-08,0.0
171001020401,2016-02-08,0.4373730719089508
171001020402,2016-02-08,0.2373514026403427
171001020404,2016-02-08,0.3960719108581543
171001020405,2016-02-08,0.19736136496067047
171001020406,2016-02-08,0.0
171100180501,2016-02-08,0.5288274884223938
171100180502,2016-02-08,0.5182458758354187
171100200303,2016-02-08,0.33820125460624695
171100200304,2016-02-08,0.28347763419151306
171100200501,2016-02-08,0.46234333515167236
171100200502,2016-02-08,0.3839140832424164
171100200503,2016-02-08,0.41133952140808105
171100200504,2016-02-08,0.3584958016872406
171100200505,2016-02-08,0.20150838792324066
171100200506,2016-02-08,0.2364000827074051
171100200507,2016-02-08,0.3456384241580963
171100200508,2016-02-08,0.04767027497291565
171100200509,2016-02-08,0.004892545752227306
171100200510,2016-02-08,0.0922393724322319
171100200511,2016-02-08,0.052083820104599
171100200512,2016-02-08,0.030784262344241142
171100210201,2016-02-08,0.0
171001010501,2016-03-29,0.07743953913450241
171001010601,2016-03-29,0.15351170301437378
171001010602,2016-03-29,0.1995636224746704
171001010701,2016-03-29,0.91768878698349
171001010702,2016-03-29,0.2389729917049408
171001010703,2016-03-29,0.3683624267578125
171001010704,2016-03-29,0.1524452269077301
171001010705,2016-03-29,0.00039280822966247797
171001020101,2016-03-29,0.0009674438624642789
171001020102,2016-03-29,0.0036733122542500496
171001020201,2016-03-29,0.7889803051948547
171001020202,2016-03-29,0.08528801798820496
171001020203,2016-03-29,0.049092523753643036
171001020204,2016-03-29,3.394798841327429e-05
171001020205,2016-03-29,0.013137477450072765
171001020206,2016-03-29,0.0008786084945313632
171001020207,2016-03-29,0.0
171001020401,2016-03-29,0.7149816751480103
171001020402,2016-03-29,0.4386880099773407
171001020404,2016-03-29,0.7190256118774414
171001020405,2016-03-29,0.5721760392189026
171001020406,2016-03-29,0.05443040654063225
171100180501,2016-03-29,0.8448423147201538
171100180502,2016-03-29,0.854025661945343
171100200303,2016-03-29,0.5190912485122681
171100200304,2016-03-29,0.5560296177864075
171100200501,2016-03-29,0.7562431693077087
171100200502,2016-03-29,0.6150218844413757
171100200503,2016-03-29,0.6618430614471436
171100200504,2016-03-29,0.6602993011474609
171100200505,2016-03-29,0.3462495803833008
171100200506,2016-03-29,0.43520015478134155
171100200507,2016-03-29,0.6445595026016235
171100200508,2016-03-29,0.10241669416427612
171100200509,2016-03-29,0.4017319977283478
171100200510,2016-03-29,0.341492623090744
171100200511,2016-03-29,0.10027870535850525
171100200512,2016-03-29,0.06322773545980453
171100210201,2016-03-29,0.13733360171318054
