huc12,huc8,snow_type,mse,kge
170103020101,17010302,Montane Forest,3229.549653778291,0.8566471288872428
170103020102,17010302,Montane Forest,2798.650341883623,0.8410300279645695
170103020103,17010302,Montane Forest,4021.8458476186606,0.8765583726848654
170103020201,17010302,Montane Forest,2533.3704191860083,0.8967910001278858
170103020202,17010302,Montane Forest,1537.137867905105,0.8168619236769046
170103020301,17010302,Montane Forest,1215.411813479686,0.9003319312483935
170103020302,17010302,Montane Forest,2478.0016211060088,0.8859346988512249
170103020303,17010302,Montane Forest,1123.8172625317595,0.8692202382985615
170103040101,17010304,Montane Forest,44522.82820807401,0.40858376065793
170103040102,17010304,Montane Forest,8064.239456895698,0.6895949194923996
170103040103,17010304,Montane Forest,4849.265147965822,0.7477179954185371
170103040104,17010304,Montane Forest,8690.434445982512,0.6653227098357699
170103040105,17010304,Montane Forest,2486.734083561697,0.8771207845027803
170103040201,17010304,Montane Forest,2794.9921270731234,0.8357155244660208
170103040202,17010304,Montane Forest,3230.96767657856,0.8769268016105173
170103040203,17010304,Montane Forest,1983.2590305234182,0.8593513496400031
170103040301,17010304,Montane Forest,3973.364809183331,0.7608220353965757
170103040302,17010304,Montane Forest,2079.3336529439466,0.8996065133445568
170103040303,17010304,Montane Forest,2824.6055317765804,0.8210356149878296
170103040304,17010304,Montane Forest,1401.5033138449662,0.9050110323383014
170103040305,17010304,Montane Forest,1230.9298849846537,0.9353070030242328
170103040306,17010304,Montane Forest,1939.3401896651976,0.9216806786771774
170103040307,17010304,Montane Forest,1596.1906654704392,0.9235321975644565
170103040308,17010304,Montane Forest,1341.3515207383186,0.8936924848425224
170103040401,17010304,Montane Forest,5211.26022772819,0.8028623631226822
170103040402,17010304,Montane Forest,2322.4149732750175,0.9042325884736326
170103040501,17010304,Montane Forest,14200.427633158912,0.6106879572377955
170103040502,17010304,Montane Forest,2434.0462854226043,0.9261165589122446
170103040503,17010304,Montane Forest,2530.983905714714,0.8951859292136254
170103040504,17010304,Montane Forest,3146.4360764616,0.8376365010437802
170103040505,17010304,Montane Forest,1885.258824055836,0.8897279550365955
170103040601,17010304,Montane Forest,1523.8443194755948,0.796694361175503
170103040602,17010304,Montane Forest,2246.8105206483406,0.9123413421324373
170103040603,17010304,Montane Forest,1109.7090449590896,0.9248537241037167
170103040604,17010304,Montane Forest,2244.8529868707606,0.8938595492788163
170103040605,17010304,Ephemeral,876.1886172955666,0.8891575920984278
170103040606,17010304,Montane Forest,1636.2754679610034,0.8869111875943791
170103040607,17010304,Prairie,1213.4911780512227,0.8806981248639059
170103040608,17010304,Ephemeral,951.9604778396773,0.8993693468439291
170103040609,17010304,Ephemeral,983.7524181370376,0.865162102973362
170103040701,17010304,Montane Forest,2035.3898445896496,0.9040559123897286
170103040702,17010304,Montane Forest,1601.6624958607274,0.8975679443982787
170103040703,17010304,Montane Forest,2908.8855276893773,0.7924436530439393
170103040801,17010304,Montane Forest,2320.536762218865,0.8443527824303863
170103040802,17010304,Ephemeral,1277.3149141197648,0.9390174515560716
170103040803,17010304,Montane Forest,1611.1473360754635,0.9034938763738055
170103040804,17010304,Montane Forest,1439.4554600598824,0.9317483196835717
170103040805,17010304,Ephemeral,1309.9370215528008,0.7863403592975459
170103040901,17010304,Montane Forest,1856.8289598547144,0.902254999244721
170103040902,17010304,Ephemeral,1017.6298962534507,0.8204486233805931
170103040903,17010304,Ephemeral,783.5431868806986,0.8675689570103646
170103041001,17010304,Ephemeral,938.7009082830592,0.8292404387298951
170103041002,17010304,Ephemeral,825.0181557557821,0.7950724602096371
170103041003,17010304,Ephemeral,1023.3800265597248,0.8181174786049399
170103041004,17010304,Ephemeral,1087.4098470760312,0.8404423491451268
170103041005,17010304,Ephemeral,603.237892221868,0.7895788080256254
170103041101,17010304,Ephemeral,1046.7769330892147,0.7712890965284994
170103041102,17010304,Ephemeral,762.6547994721126,0.7771411343022987
170103041103,17010304,Ephemeral,415.4663088514001,0.7218699948327025
170103041104,17010304,Ephemeral,421.9451883813649,0.7547709809364055
170200090101,17020009,Maritime,97087.3837997498,0.2811548537073565
170200090102,17020009,Maritime,90167.52505872866,0.30104231388877145
170200090103,17020009,Maritime,54403.54121126485,0.3769003718856828
170200090104,17020009,Maritime,112587.9403148605,0.2543589002416137
170200090105,17020009,Maritime,153185.5833891757,0.19681748440502556
170200090106,17020009,Maritime,87461.83598322027,0.2902847884577098
170200090107,17020009,Maritime,122202.74802945268,0.23121160285215037
170200090108,17020009,Maritime,124722.61781461454,0.23182631453566138
170200090109,17020009,Maritime,67225.5911243983,0.33393098227535867
170200090110,17020009,Maritime,11018.834354733499,0.6398148528881624
170200090111,17020009,Maritime,76451.88627787233,0.31358012128656076
170200090112,17020009,Maritime,42041.3396920961,0.43951681751878824
170200090113,17020009,Maritime,33407.31700233978,0.43451060490454163
170200090114,17020009,Maritime,6708.988547066046,0.6683501177711192
170200090201,17020009,Maritime,15903.571824284572,0.5335661637276194
170200090202,17020009,Maritime,52996.08539011361,0.4102668221762824
170200090203,17020009,Maritime,117918.74867458633,0.25204255560295274
170200090204,17020009,Maritime,35099.53147372376,0.43433156644192983
170200090205,17020009,Boreal Forest,41705.368067510964,0.4199698870161729
170200090206,17020009,Ephemeral,4831.948686993637,0.6285590085088724
170200090207,17020009,Ephemeral,4357.085813058062,0.7553499081661674
170200090208,17020009,Montane Forest,12542.16980601244,0.5793941060734943
170200090209,17020009,Montane Forest,17526.685800520554,0.6158682883593459
170200090210,17020009,Ephemeral,2011.1332765300601,0.7151117001114653
170200090301,17020009,Montane Forest,3791.273744139815,0.7825869738167236
170200090302,17020009,Montane Forest,848.5616639545578,0.8776485791115229
170200090303,17020009,Ephemeral,226.4313001261663,0.8714230034818385
170200090304,17020009,Montane Forest,1187.0334568053138,0.8743577733379708
170200090305,17020009,Ephemeral,164.76692872507277,0.7663802487072953
170200100101,17020010,Montane Forest,9603.405194602774,0.6912288349049205
170200100102,17020010,Montane Forest,2576.662978429489,0.8902563579415472
170200100103,17020010,Montane Forest,2040.4919131161296,0.9103404536129232
170200100201,17020010,Maritime,163013.92436241548,0.19470143504220982
170200100202,17020010,Maritime,33183.295853328425,0.47095189308321017
170200100203,17020010,Maritime,31014.382516076104,0.4725387152381745
170200100204,17020010,Montane Forest,7333.891003791765,0.6992743874665444
170200100205,17020010,Montane Forest,1702.3305328684207,0.8792886394346694
170200100206,17020010,Prairie,469.2220417920116,0.820568379863199
170200100207,17020010,Ephemeral,528.4054225759813,0.8986117433142176
170200100208,17020010,Montane Forest,2464.8458682209866,0.8921300749993143
170200100209,17020010,Ephemeral,397.6544871814037,0.8851999102180935
170200100301,17020010,Ephemeral,390.1105109084125,0.8074941276363763
170200100302,17020010,Ephemeral,214.10132450881784,0.7669498348998883
170200100303,17020010,Ephemeral,265.93310216378086,0.7824517943303332
170200100304,17020010,Prairie,305.67018981614035,0.7692600139685105
170200100305,17020010,Montane Forest,1462.6774964202793,0.8515098609222522
170200100306,17020010,Ephemeral,228.36426644675714,0.6668031303290259
170200100307,17020010,Ephemeral,167.429771812778,0.7004014369499394
170200100308,17020010,Ephemeral,202.91450018286815,0.7313316239285537
170200100309,17020010,Montane Forest,345.0112239037694,0.9200525237691244
170200100310,17020010,Montane Forest,562.3596952836982,0.8894828000927594
170200100311,17020010,Prairie,213.7612848505744,0.810270393879112
170200100312,17020010,Prairie,207.52746149091544,0.7987226898161468
170200100313,17020010,Ephemeral,111.94160274752444,0.6390290179914657
170200100401,17020010,Ephemeral,181.81491505423082,0.6811611955654274
170200100402,17020010,Montane Forest,576.8749693634123,0.898888432100338
170200100403,17020010,Ephemeral,488.38785436647265,0.8744736320047803
170200100404,17020010,Ephemeral,177.8496548905772,0.6516424275789914
170200100405,17020010,Ephemeral,128.2064106825342,0.5763419006918736
170200100406,17020010,Ephemeral,409.4951757365633,0.8711800662298741
170200100407,17020010,Ephemeral,244.01117625335164,0.8164930176707892
170200100408,17020010,Ephemeral,85.56481382753144,0.5255060237152638
170200100409,17020010,Ephemeral,108.80177530168704,0.47947480302693557
170200100501,17020010,Ephemeral,167.83154597110237,0.603562028259458
170200100502,17020010,Ephemeral,71.97805132870225,0.2497819640475748
170200100503,17020010,Ephemeral,137.2137890542547,0.5007284189174228
170200100504,17020010,Ephemeral,64.89515150457447,0.28647662040583344
170200100505,17020010,Ephemeral,134.44842187470954,0.4969696258515308
170200100506,17020010,Ephemeral,94.51612512596876,0.41518923027087573
170200100507,17020010,Ephemeral,55.87638632743452,0.20180713298774278
170200110101,17020011,Maritime,196967.20302868154,0.16351737621986284
170200110102,17020011,Maritime,127643.96627500565,0.23119887030850472
170200110103,17020011,Maritime,94035.8981367045,0.2947229098634204
170200110104,17020011,Maritime,127667.53172372197,0.2189893524309321
170200110105,17020011,Maritime,5341.300662220722,0.7259591909095848
170200110106,17020011,Maritime,150956.50465362897,0.20062291151986666
170200110107,17020011,Maritime,103716.1494010726,0.27761183262510136
170200110108,17020011,Maritime,41947.30287028337,0.43824857427548713
170200110109,17020011,Maritime,82161.96435292381,0.3104833911292232
170200110110,17020011,Maritime,10059.853200415451,0.6311192133875794
170200110111,17020011,Maritime,2282.839999660701,0.8117028417085663
170200110201,17020011,Maritime,93483.04334699476,0.28807584357328186
170200110202,17020011,Maritime,161222.51557067275,0.19369685622021904
170200110203,17020011,Maritime,7071.633256274594,0.6195576691285267
170200110301,17020011,Maritime,212288.047030922,0.1435612340680663
170200110302,17020011,Maritime,200811.66017880966,0.16645882547739377
170200110303,17020011,Maritime,59237.58626820417,0.3604939447397205
170200110304,17020011,Maritime,71875.3214071048,0.3374951946696684
170200110305,17020011,Maritime,10993.221869592848,0.6375308783646876
170200110306,17020011,Maritime,33536.32807860027,0.47554346963271077
170200110307,17020011,Maritime,4146.027777366582,0.7405788755777822
170200110308,17020011,Ephemeral,1825.1364272926758,0.8894919831643232
170200110401,17020011,Maritime,154382.98452107725,0.19973592020249376
170200110402,17020011,Maritime,140985.387851609,0.22086876830270719
170200110403,17020011,Maritime,78525.40260060791,0.3117742285353994
170200110404,17020011,Maritime,19008.05787394603,0.5245988293059127
170200110405,17020011,Maritime,24769.789449776665,0.514399770669761
170200110406,17020011,Montane Forest,3033.2307784907503,0.6969316491376039
170200110501,17020011,Montane Forest,1165.5915254534711,0.9454391742187931
170200110502,17020011,Montane Forest,18238.397701275702,0.5232804465588972
170200110503,17020011,Montane Forest,700.7613139041774,0.8896978687489692
170200110601,17020011,Montane Forest,725.2939580966739,0.9403909462189357
170200110602,17020011,Montane Forest,1390.782265456019,0.9165192214634953
170200110603,17020011,Montane Forest,1274.8191613387785,0.8242093969694413
170200110604,17020011,Ephemeral,615.3238077304048,0.7948683221959589
170200110701,17020011,Ephemeral,1241.3009402524876,0.9110194415549117
170200110702,17020011,Maritime,31202.09742623204,0.4021361229780753
170200110703,17020011,Maritime,1726.8704316368687,0.8552892796393576
170200110704,17020011,Montane Forest,1378.2864008535419,0.8478073035764724
170200110705,17020011,Ephemeral,964.9034918560725,0.868750773889009
170200110706,17020011,Ephemeral,509.06337503147546,0.9019426726604629
170200110707,17020011,Ephemeral,398.883720734685,0.8992104372253044
170200110708,17020011,Ephemeral,249.44871394422128,0.8887665828513982
170300010101,17030001,Maritime,92878.88669222654,0.2657019986550889
170300010102,17030001,Maritime,95185.17484901972,0.2787443603088885
170300010103,17030001,Maritime,112712.0123362522,0.219861521735487
170300010104,17030001,Maritime,8321.967089965681,0.669363341022829
170300010105,17030001,Maritime,2080.0500230835337,0.9077780873954266
170300010106,17030001,Ephemeral,1216.088584416566,0.8671860052301061
170300010201,17030001,Montane Forest,7597.642192922238,0.6522634940555596
170300010202,17030001,Maritime,6911.252168994358,0.7142707430378581
170300010203,17030001,Maritime,1758.0150838557236,0.8474953735564225
170300010204,17030001,Montane Forest,1096.5006405819172,0.8983461998580262
170300010205,17030001,Montane Forest,648.2395372861415,0.8271216311710805
170300010301,17030001,Maritime,76858.67234028893,0.2802161002550986
170300010302,17030001,Maritime,21004.265126593353,0.5206032045705944
170300010303,17030001,Maritime,44917.60301970849,0.37057132485826705
170300010304,17030001,Ephemeral,5848.669042693209,0.7382737401929205
170300010305,17030001,Maritime,19458.92661391122,0.5544417614983266
170300010306,17030001,Ephemeral,2565.9936600631268,0.8740043773450982
170300010307,17030001,Ephemeral,863.776472563043,0.8505494323915276
170300010401,17030001,Montane Forest,2047.501501183735,0.9121931583238901
170300010402,17030001,Montane Forest,1199.4583557295957,0.9489146524906035
170300010403,17030001,Ephemeral,522.0061546566866,0.9277895612303814
170300010404,17030001,Ephemeral,272.62610691669806,0.878702988253482
170300010405,17030001,Ephemeral,479.8697957603708,0.9129798484906884
170300010406,17030001,Ephemeral,161.26440069498835,0.7136439187508677
170300010407,17030001,Ephemeral,133.63624213278572,0.5410652373675435
170300010408,17030001,Ephemeral,278.683567830931,0.8601295937489438
170300010409,17030001,Ephemeral,130.56412235703564,0.5973407657315896
170300010501,17030001,Montane Forest,1156.8244148095812,0.8762691560350032
170300010502,17030001,Ephemeral,550.5646425278924,0.9223020278041137
170300010503,17030001,Montane Forest,18584.278191201276,0.5379604752042619
170300010504,17030001,Montane Forest,1566.5186605693739,0.8448433834241021
170300010505,17030001,Ephemeral,538.8948531052324,0.8338185217384559
170300010506,17030001,Ephemeral,315.8798512823378,0.713362383442852
170300010507,17030001,Ephemeral,322.09877184915973,0.8190445444481557
170300010508,17030001,Montane Forest,14120.486717074109,0.5396665810328618
170300010509,17030001,Montane Forest,4555.6086863233695,0.6730497455302793
170300010510,17030001,Ephemeral,261.9744609339139,0.8718195494924675
170300010511,17030001,Ephemeral,165.56191428147446,0.5906026794239487
170300010601,17030001,Montane Forest,941.6669131277647,0.9039126207715233
170300010602,17030001,Montane Forest,1102.9002205684142,0.7971542949739784
170300010603,17030001,Prairie,474.0312934236516,0.7812501308779554
170300010604,17030001,Ephemeral,147.11535180220292,0.5696729941744705
170300010605,17030001,Ephemeral,167.85748368660956,0.610279278104269
170300010701,17030001,Prairie,314.1898831239804,0.7275843333742031
170300010702,17030001,Ephemeral,149.73593530796603,0.4466749767064131
170300010703,17030001,Ephemeral,132.43045159353343,0.4606976356555178
170300010704,17030001,Ephemeral,132.10484250863593,0.5282458775867855
170300010705,17030001,Ephemeral,134.48636681261613,0.5130844849372542
170300010706,17030001,Ephemeral,130.68459704778664,0.3401894950084272
170300010707,17030001,Ephemeral,118.74624124161095,0.36087599521478964
170300010708,17030001,Ephemeral,123.95390697703087,0.5059098013896216
170300010709,17030001,Ephemeral,114.53084142886395,0.28502143304908656
170300020101,17030002,Maritime,23879.68305082781,0.5329194292528165
170300020102,17030002,Maritime,8255.649596068517,0.6688756716199141
170300020103,17030002,Maritime,38130.325634357694,0.405887814695983
170300020104,17030002,Maritime,45056.48963247962,0.41234714072788026
170300020105,17030002,Maritime,44829.37925486524,0.4113402908997321
170300020106,17030002,Maritime,89424.00194664348,0.29142191173803433
170300020107,17030002,Maritime,26300.095254429223,0.4784871108971489
170300020108,17030002,Montane Forest,17179.57036607774,0.508052736685416
170300020109,17030002,Montane Forest,3949.5160266275743,0.7534711187764616
170300020201,17030002,Montane Forest,1948.7150240680985,0.8198804383335652
170300020202,17030002,Montane Forest,2771.0188883733654,0.7224049163533628
170300020203,17030002,Montane Forest,11204.786869327405,0.4839786089660887
170300020204,17030002,Maritime,50071.03996418186,0.39046126944352955
170300020205,17030002,Montane Forest,3367.1796536001216,0.719249740892021
170300020206,17030002,Montane Forest,10238.095878785758,0.5195943273704884
170300020207,17030002,Ephemeral,826.9788364001239,0.8898126894353928
170300020208,17030002,Ephemeral,481.354719608267,0.7222179980645637
170300020301,17030002,Maritime,19291.332236359816,0.5487498857930725
170300020302,17030002,Maritime,37076.944774408104,0.4205111817267274
170300020303,17030002,Maritime,19422.149043293182,0.5269466396489983
170300020304,17030002,Maritime,4021.557342390324,0.7113076534022567
170300020305,17030002,Ephemeral,4181.645800792997,0.7094587552300248
170300020306,17030002,Montane Forest,1770.640440511605,0.8404671257066169
170300020307,17030002,Montane Forest,710.5389041550432,0.8942191127834902
170300020308,17030002,Montane Forest,722.6482822914123,0.9353797224342759
170300020309,17030002,Montane Forest,1019.3324804681853,0.900566432195744
170300020310,17030002,Ephemeral,261.2090811055941,0.7009196603004079
170300020311,17030002,Ephemeral,303.6263950650931,0.5892881900955509
170300020312,17030002,Ephemeral,147.920802228303,0.6493833055067169
170300030101,17030003,Montane Forest,3499.905655254566,0.7318020713136828
170300030102,17030003,Montane Forest,787.0474322381888,0.881715250350504
170300030103,17030003,Montane Forest,614.6188101807522,0.9042246379087864
170300030104,17030003,Ephemeral,423.9390168952414,0.6315320677600513
170300030105,17030003,Ephemeral,147.54457354082592,0.508929893212542
170300030201,17030003,Ephemeral,68.81404881485314,0.4072250879796919
170300030202,17030003,Ephemeral,78.22846888795512,0.41614172180464615
170300030203,17030003,Ephemeral,100.54776081102624,0.33905389732376545
170300030204,17030003,Ephemeral,311.3620087229247,0.5891123924102035
170300030205,17030003,Ephemeral,185.71316982014736,0.32745530451165306
170300030206,17030003,Ephemeral,112.64348227422539,0.20526328173185004
170300030301,17030003,Ephemeral,743.3910390904972,0.9343307328640372
170300030302,17030003,Ephemeral,302.0334671932907,0.7247748382435356
170300030303,17030003,Ephemeral,400.92685357141767,0.7327943410996737
170300030304,17030003,Ephemeral,180.1765167867405,0.535863089414379
170300030305,17030003,Ephemeral,206.2307886264536,0.6956486128674455
170300030401,17030003,Ephemeral,125.04626240630094,0.0839525215488971
170300030402,17030003,Ephemeral,88.51355451369156,0.1594598916853477
170300030403,17030003,Ephemeral,70.88676200883474,0.09653783193259602
170300030501,17030003,Ephemeral,100.47534249425652,0.1721580827633904
170300030502,17030003,Ephemeral,78.5441471271477,0.1839048618665038
170300030503,17030003,Ephemeral,55.168264094022426,0.24546543165133372
170300030504,17030003,Ephemeral,48.0078604104007,0.22934611197277155
170300030505,17030003,Ephemeral,46.71722739990739,0.16581609817026688
170300030506,17030003,Ephemeral,58.665679739489406,0.1613851110460126
170300030601,17030003,Prairie,1377.5439062970481,0.8002817868261647
170300030602,17030003,Montane Forest,1340.139774682074,0.8928479187335451
170300030603,17030003,Ephemeral,871.9268884179628,0.6470629771706939
170300030604,17030003,Ephemeral,116.76468438626304,0.29335738958721
170300030605,17030003,Ephemeral,213.44693479209045,0.6407988540977123
170300030606,17030003,Ephemeral,119.43420490865881,0.4147597832122988
170300030607,17030003,Ephemeral,78.43923461795657,-0.07862972915172262
170300030701,17030003,Ephemeral,1277.2162403433952,0.7843309139681307
170300030702,17030003,Ephemeral,823.7213144097275,0.7784836970672299
170300030703,17030003,Ephemeral,1190.3769860355035,0.8362173841738352
170300030704,17030003,Ephemeral,2201.253738751891,0.7003753781072979
170300030705,17030003,Ephemeral,165.4623598408514,0.5252184939900968
170300030706,17030003,Ephemeral,272.6892389890792,0.6027209757131896
170300030801,17030003,Ephemeral,1868.0955443032126,0.8438209039801237
170300030802,17030003,Ephemeral,685.6656060572884,0.7047548085939055
170300030803,17030003,Ephemeral,190.38622780988726,0.5310549633725197
170300030804,17030003,Ephemeral,150.2701225003693,0.3734372962648388
170300030805,17030003,Ephemeral,233.4536060375107,0.6185952843700019
170300030806,17030003,Ephemeral,180.63128251264348,0.4857460200206194
170300030807,17030003,Ephemeral,78.1910213245041,0.2806442865152311
170300030901,17030003,Ephemeral,72.62097432003851,0.27103649726570933
170300030902,17030003,Ephemeral,60.998047343790084,0.18029283589670098
170300030903,17030003,Ephemeral,40.53929651251153,0.05201402669189803
170300030904,17030003,Ephemeral,60.351144735678304,0.275375834636176
170300030905,17030003,Ephemeral,45.71057733619275,0.11938092057481453
170300030906,17030003,Ephemeral,42.22147819387659,0.15108347689832657
170300031001,17030003,Ephemeral,75.2467229793872,0.04335825261591919
170300031002,17030003,Ephemeral,88.59907716815354,0.12046614621211216
170300031003,17030003,Ephemeral,66.23914961893246,0.1854679798961295
170300031004,17030003,Ephemeral,59.226805484825874,0.05592988751971684
170300031005,17030003,Ephemeral,65.63766766970633,0.01329820965839934
170300031006,17030003,Ephemeral,67.06160795494218,0.13015333946131324
170300031007,17030003,Ephemeral,60.1075065709831,-0.021018768030073964
170300031101,17030003,Ephemeral,112.84423173099748,0.3947213649135469
170300031102,17030003,Ephemeral,87.88952491903127,0.4182288530771079
170300031103,17030003,Ephemeral,78.22230402234626,0.291492988667837
170300031104,17030003,Ephemeral,89.7841920657865,0.33172148443891636
170300031105,17030003,Ephemeral,82.32504815488232,0.3423538781847415
170300031106,17030003,Ephemeral,73.72634409225242,0.2251582662759386
170300031107,17030003,Ephemeral,78.17524764530914,0.23053575973880813
170300031108,17030003,Ephemeral,67.78820276886256,0.11333492726212635
170300031109,17030003,Ephemeral,65.35751147073569,-0.09268923931827633
170300031201,17030003,Ephemeral,73.59310170288283,0.2808148843163578
170300031202,17030003,Ephemeral,57.781297303925,-0.011211239411024199
170300031203,17030003,Ephemeral,75.51279387086761,-0.012071617215890784
170300031204,17030003,Ephemeral,114.64274588303529,0.006830365383687531
170300031205,17030003,Ephemeral,68.02592121293118,0.0047676182593581196
170602070101,17060207,Montane Forest,2051.865656518854,0.9110335519742175
170602070102,17060207,Montane Forest,7346.320934503848,0.6928617247051212
170602070103,17060207,Montane Forest,2142.2703137009485,0.8972132511922906
170602070104,17060207,Montane Forest,2651.155278881608,0.8840780596771054
170602070105,17060207,Montane Forest,2716.397194003504,0.8564303773439819
170602070106,17060207,Montane Forest,772.3733099533986,0.9609955706294186
170602070201,17060207,Montane Forest,1243.9619875831163,0.8877062373651207
170602070202,17060207,Montane Forest,414.2666183821709,0.8953158421718382
170602070203,17060207,Montane Forest,422.3431598438064,0.9436919390721744
170602070204,17060207,Montane Forest,1901.9682567824773,0.9060148203529791
170602070205,17060207,Montane Forest,939.7075913682241,0.9246299473632569
170602070206,17060207,Montane Forest,695.1487375892208,0.9536556676585095
170602070301,17060207,Montane Forest,4944.349948767939,0.7413473369356569
170602070302,17060207,Montane Forest,1563.9858414091796,0.9244353772937879
170602070303,17060207,Montane Forest,988.206945381758,0.9595195424686168
170602070304,17060207,Montane Forest,1197.2647757542395,0.9442055244244214
170602070305,17060207,Montane Forest,846.5158513703467,0.9422829935508343
170602070306,17060207,Montane Forest,669.9314851090456,0.9308687288701569
170602070401,17060207,Montane Forest,4199.575910758216,0.7913314055477656
170602070402,17060207,Montane Forest,4621.2944683448295,0.7622410282662824
170602070403,17060207,Montane Forest,2920.487888413435,0.7842105413307079
170602070501,17060207,Montane Forest,2224.5617389751233,0.8460004699788366
170602070502,17060207,Montane Forest,545.6573592988127,0.9243428325629558
170602070503,17060207,Montane Forest,789.7370428179763,0.9694542879961247
170602070504,17060207,Montane Forest,619.2501584786188,0.922879046550484
170602070601,17060207,Montane Forest,1607.9234640707757,0.8887878898347983
170602070602,17060207,Montane Forest,2042.2007160962003,0.8284753604432766
170602070603,17060207,Montane Forest,734.9859807984492,0.9703220272020933
170602070701,17060207,Montane Forest,833.8081453182461,0.9272592391014434
170602070702,17060207,Montane Forest,1383.115357663698,0.9452971572803616
170602070703,17060207,Montane Forest,1032.5206819949985,0.9196021436918954
170602070704,17060207,Montane Forest,853.9497407788336,0.932609830373529
170602070705,17060207,Montane Forest,1520.3106433508312,0.9354328865647504
170602070706,17060207,Montane Forest,2170.28791937982,0.8422345921476536
170602070707,17060207,Montane Forest,882.3849164378756,0.8249723454493868
170602070801,17060207,Montane Forest,2910.5802684232754,0.8792175215497375
170602070802,17060207,Montane Forest,1006.6331375808277,0.9553043653683395
170602070803,17060207,Montane Forest,664.4527144346288,0.9321614161064669
170602070901,17060207,Montane Forest,1812.8717913128091,0.8464232228320577
170602070902,17060207,Montane Forest,3242.3816555238504,0.8208093205117888
170602070903,17060207,Montane Forest,5125.52569855638,0.7846105718471889
170602070904,17060207,Montane Forest,590.3136415933592,0.8706626158827978
170602071001,17060207,Montane Forest,1988.1282217313897,0.8377525176844176
170602071002,17060207,Montane Forest,4098.200773610138,0.7562841091889595
170602071101,17060207,Ephemeral,594.7503804006232,0.7310412157787721
170602071102,17060207,Montane Forest,1836.0965575318803,0.8327327402353772
170602071103,17060207,Montane Forest,525.7616613645412,0.9535139938606727
170602071104,17060207,Montane Forest,1373.8200887271516,0.8666254079358701
170602071105,17060207,Montane Forest,499.48249295027875,0.9053728351398931
170602071106,17060207,Montane Forest,760.9516604602735,0.9616147974385604
170602071107,17060207,Montane Forest,530.6293181328009,0.9261565320699195
170602080101,17060208,Montane Forest,49880.704912896974,0.41786152231971996
170602080102,17060208,Montane Forest,31197.301782094128,0.5079369202012859
170602080103,17060208,Montane Forest,16399.500276460647,0.6254575732355279
170602080104,17060208,Montane Forest,9643.60700006882,0.684093476226959
170602080105,17060208,Montane Forest,26565.43259999668,0.5270033030458683
170602080106,17060208,Montane Forest,9862.610994470544,0.67460596222506
170602080107,17060208,Montane Forest,6831.42638333344,0.7593499360468265
170602080108,17060208,Montane Forest,2538.41850200873,0.8841778635040185
170602080201,17060208,Montane Forest,5583.590731196351,0.7471820560161515
170602080202,17060208,Montane Forest,7164.76649060186,0.7660432056172397
170602080203,17060208,Montane Forest,6784.077902405756,0.7729453220291984
170602080204,17060208,Montane Forest,5023.899260956241,0.8044499616408105
170602080205,17060208,Montane Forest,6082.074936736314,0.7882972098011504
170602080206,17060208,Montane Forest,3976.002573683593,0.8171686391947001
170602080301,17060208,Montane Forest,7041.56835899384,0.7143979405412588
170602080302,17060208,Montane Forest,1348.8589877730287,0.9341792500578459
170602080303,17060208,Montane Forest,1174.343035180077,0.8232893645191977
170602080401,17060208,Montane Forest,17468.930932747793,0.5804619035223123
170602080402,17060208,Montane Forest,6076.906672685241,0.6894910190887638
170602080403,17060208,Prairie,12865.692471776125,0.607753331592159
170602080404,17060208,Prairie,9190.60920934131,0.6381406696649021
170602080405,17060208,Montane Forest,2421.5211825891793,0.8339740336828778
170602080406,17060208,Montane Forest,3476.775000030833,0.7638282269150698
170602080407,17060208,Montane Forest,2552.801944261365,0.7985192998918887
170602080408,17060208,Montane Forest,9645.970874586641,0.6597167209121154
170602080409,17060208,Montane Forest,825.7481647211424,0.9566793050164925
170602080410,17060208,Montane Forest,2478.06184575718,0.7820448383429974
170602080411,17060208,Montane Forest,1977.1475733146547,0.82489827188916
170602080412,17060208,Montane Forest,850.3987311457764,0.909780136175373
170602080501,17060208,Montane Forest,17246.54318854293,0.6105915732656649
170602080502,17060208,Montane Forest,9220.870651001253,0.6816671094743507
170602080503,17060208,Montane Forest,2040.387489890454,0.8575889401673967
170602080504,17060208,Montane Forest,26598.488076024354,0.526343277264237
170602080505,17060208,Montane Forest,2770.0524543930374,0.8280225564630378
170602080506,17060208,Montane Forest,7120.221950328209,0.660378347385749
170602080507,17060208,Montane Forest,714.804780654288,0.9465634570286375
170602080601,17060208,Montane Forest,1436.124239894721,0.9031873498704583
170602080602,17060208,Prairie,1531.93243567118,0.874295665215951
170602080603,17060208,Montane Forest,5449.174114938025,0.7650173382521613
170602080604,17060208,Montane Forest,636.2111713986035,0.9040982560691735
170602080605,17060208,Montane Forest,1927.5628988855756,0.8588020825080935
170602080606,17060208,Montane Forest,496.2911684151687,0.8901198087497453
170602080607,17060208,Montane Forest,1152.9994066865631,0.909250832892482
170602080608,17060208,Montane Forest,440.40219381843286,0.871440487882462
171100050501,17110005,Montane Forest,58396.69590881563,0.3701144413105535
171100050502,17110005,Maritime,16440.74319551316,0.5601271715117924
171100050503,17110005,Maritime,69696.60605242968,0.3389465581626778
171100050504,17110005,Maritime,29805.80400876689,0.4737414723353648
171100050505,17110005,Maritime,34976.77611440023,0.425022558929945
171100050601,17110005,Maritime,314112.1454442647,0.041551148096818036
171100050602,17110005,Maritime,36217.474514048015,0.3150818404595177
171100050603,17110005,Maritime,16356.535844292024,0.4572799002947555
171100050604,17110005,Maritime,31686.27483589999,0.4723588714001412
171100050605,17110005,Maritime,351538.95995714306,0.05795738585601595
171100050606,17110005,Maritime,39136.66469403762,0.3706481638502137
171100050607,17110005,Ephemeral,4994.225913982647,0.6252963118104093
171100050701,17110005,Maritime,163722.6729667803,0.17568147952030944
171100050702,17110005,Maritime,193815.13274973162,0.15705984930570271
171100050703,17110005,Maritime,62975.87393842742,0.30243583645207306
171100050704,17110005,Maritime,4986.259491907073,0.7287688652807429
171100050705,17110005,Maritime,147417.10999596553,0.17940956169199507
171100050706,17110005,Maritime,93737.38871317802,0.23240012711700953
171100050707,17110005,Maritime,196298.27512625285,0.10053533838692996
171100050708,17110005,Maritime,24302.063257518286,0.38422858151185413
171100050801,17110005,Maritime,124217.65055579809,0.24174594098919855
171100050802,17110005,Maritime,103163.39869969028,0.25889198441965855
171100050803,17110005,Maritime,106395.68208210934,0.2482572919153081
171100050804,17110005,Maritime,15476.250422992698,0.5144038067948867
171100050805,17110005,Maritime,11473.197078686453,0.5577173269869811
171100050901,17110005,Maritime,8267.374304225003,0.625918994264532
171100050902,17110005,Maritime,56155.73601524365,0.366772998606381
171100050903,17110005,Maritime,144941.2844199687,0.08656327283691323
171100050904,17110005,Maritime,66107.00638327663,0.22603258197472575
171100050905,17110005,Maritime,2274.128845984223,0.8693187086120471
171100051001,17110005,Maritime,328887.1296821539,0.06390186049682633
171100051002,17110005,Maritime,43046.21568058143,0.35090616391332297
171100051003,17110005,Maritime,104173.41654455118,0.1915180817504395
171100051004,17110005,Maritime,118177.61820454807,0.20556516846241923
171100051005,17110005,Maritime,25787.62727255186,0.3830948081835013
171100051006,17110005,Maritime,28546.59981128069,0.431722687989583
171100051007,17110005,Maritime,20192.911657252596,0.37110055684770915
171100051101,17110005,Maritime,4803.36490933537,0.5512370111159923
171100051102,17110005,Maritime,29742.539579760018,0.422043621087833
171100051103,17110005,Maritime,18386.714239461115,0.42089581676277854
171100051104,17110005,Ephemeral,694.7933401633965,0.721382581543216
171100060101,17110006,Maritime,227891.67702051048,0.12033213049754776
171100060102,17110006,Maritime,160169.60086824236,0.1761250097337741
171100060103,17110006,Maritime,217903.3115612648,0.11665684488757433
171100060104,17110006,Maritime,219642.47422277628,0.1381347319326579
171100060105,17110006,Maritime,52427.64092423451,0.3753773957187
171100060106,17110006,Maritime,24374.26213761761,0.4454540454293957
171100060201,17110006,Maritime,147689.58434475618,0.20180613203916575
171100060202,17110006,Maritime,90364.80908016702,0.28266380503825506
171100060203,17110006,Maritime,144404.96283181835,0.20959484674905027
171100060204,17110006,Maritime,139725.20203397202,0.2159596898844306
171100060205,17110006,Maritime,29864.190958373856,0.4658693268521199
171100060301,17110006,Maritime,63493.772617476854,0.34589653751547456
171100060302,17110006,Maritime,84518.2772099689,0.2861671513619447
171100060303,17110006,Maritime,13725.3817434872,0.5440085974368978
171100060304,17110006,Maritime,40455.429114084596,0.3948750768339837
171100060305,17110006,,3349.683789753046,0.7449302924500203
171100060401,17110006,,4327.192829269216,0.6813620390638053
171100060402,17110006,Maritime,46010.564493880454,0.3248298879753959
171100060403,17110006,Maritime,4463.8626332016875,0.7245131522052628
171100060404,17110006,,785.1710065014088,0.7071711237839973
171100060405,17110006,,773.2604714479875,0.7265476544087994
171100070101,17110007,Maritime,17656.657603299962,0.5049852501668827
171100070102,17110007,Maritime,940.5245529755415,0.753933601887817
171100070103,17110007,Ephemeral,10324.863841292352,0.39788401491865566
171100070104,17110007,Ephemeral,6598.031492969763,0.48584845231396945
171100070105,17110007,Ephemeral,2797.5331982456873,0.43091174662044296
171100070106,17110007,Maritime,4851.937834711488,0.5965430167336386
171100070107,17110007,Ephemeral,1048.4520446419433,0.41992114601079467
171100070201,17110007,Ephemeral,577.5272448602709,0.6265526196590254
171100070202,17110007,Ephemeral,19.88087622094381,-0.06911655674432349
171100070203,17110007,Ephemeral,7.406434660003,-0.7169837635463565
171100070204,17110007,Ephemeral,11.144507414177273,-0.5837085165619078
171100080101,17110008,Maritime,3265.429161612729,0.7321401451924808
171100080102,17110008,Ephemeral,31555.372225300085,0.2550253077942821
171100080103,17110008,Maritime,2809.626839596277,0.5024974269419674
171100080104,17110008,Maritime,96071.97137030821,0.16567310311142902
171100080105,17110008,Maritime,704.2371102811351,0.7168584525689327
171100080106,17110008,Ephemeral,149.5878522410789,0.5563530356107145
171100080107,17110008,Maritime,20731.17316235611,0.45729161275715624
171100080108,17110008,Maritime,4470.8567542365145,0.5920827400274642
171100080109,17110008,Ephemeral,105.59214898205195,0.4125706538886371
171100080201,17110008,Maritime,66254.97387063006,0.31098612711043083
171100080202,17110008,Maritime,12737.827745744173,0.5752717403897645
171100080203,17110008,Ephemeral,855.9444879050126,0.7184416492026418
171100080204,17110008,Maritime,40088.30209344249,0.2591756426420183
171100080205,17110008,Ephemeral,130.5973992627553,0.5330539921273534
171100080206,17110008,Ephemeral,641.9098958208942,0.5960738679272095
171100080207,17110008,Ephemeral,34.40534233284956,-0.12040881387923208
171100080301,17110008,Ephemeral,856.389785367521,0.6769499170505882
171100080302,17110008,Ephemeral,39.001044373818615,-0.008630361196813485
171100080303,17110008,Ephemeral,19.97510732094111,-0.016058949660382238
171100080304,17110008,Ephemeral,10.112278371994954,-0.4868751855746434
171100090101,17110009,Maritime,116819.65272411967,0.2375230894018232
171100090102,17110009,Maritime,109118.77517425096,0.24872725961412612
171100090103,17110009,Maritime,186052.171285214,0.13386051986608094
171100090104,17110009,Maritime,26878.49932045098,0.4504185476533702
171100090201,17110009,Maritime,92734.41218541101,0.28877994450993505
171100090202,17110009,Maritime,45182.63700203411,0.39273515499545475
171100090203,17110009,Maritime,20537.233050794883,0.48255714390488014
171100090301,17110009,Maritime,94097.30429884259,0.2520135326547637
171100090302,17110009,Maritime,18749.318233426395,0.4604188031858256
171100090303,17110009,Maritime,11435.88283904421,0.4972182009829891
171100090401,17110009,Maritime,165011.07807370095,0.17600901241925393
171100090402,17110009,Maritime,104949.75254857632,0.23287221248411216
171100090403,17110009,Maritime,35329.48803719786,0.3379886598586642
171100090501,17110009,Maritime,107728.85206892528,0.2418802908837141
171100090502,17110009,Maritime,46810.25279750579,0.3499416524455341
171100090503,17110009,Ephemeral,93.16005045073598,0.5548271618401175
171100090601,17110009,Ephemeral,619.568703031579,0.7650750849142547
171100090602,17110009,Ephemeral,22076.12103576643,0.3381290579773435
171100090603,17110009,Ephemeral,1297.131824181805,0.6657276299256325
171100090701,17110009,Ephemeral,28.76607214278067,-0.6935675435285895
171100090702,17110009,Ephemeral,831.3937813855324,0.4740396662872416
