huc12,snow_type
170200090101,Maritime
170200090102,Maritime
170200090103,Maritime
170200090104,Maritime
170200090105,Maritime
170200090106,Maritime
170200090107,Maritime
170200090108,Maritime
170200090109,Maritime
170200090110,Maritime
170200090111,Maritime
170200090112,Maritime
170200090113,Maritime
170200090114,Maritime
170200090201,Maritime
170200090202,Maritime
170200090203,Maritime
170200090204,Maritime
170200090205,Boreal Forest
170200090206,Ephemeral
170200090207,Ephemeral
170200090208,Montane Forest
170200090209,Montane Forest
170200090210,Ephemeral
170200090301,Montane Forest
170200090302,Montane Forest
170200090303,Ephemeral
170200090304,Montane Forest
170200090305,Ephemeral
170200110101,Maritime
170200110102,Maritime
170200110103,Maritime
170200110104,Maritime
170200110105,Maritime
170200110106,Maritime
170200110107,Maritime
170200110108,Maritime
170200110109,Maritime
170200110110,Maritime
170200110111,Maritime
170200110201,Maritime
170200110202,Maritime
170200110203,Maritime
170200110301,Maritime
170200110302,Maritime
170200110303,Maritime
170200110304,Maritime
170200110305,Maritime
170200110306,Maritime
170200110307,Maritime
170200110308,Ephemeral
170200110401,Maritime
170200110402,Maritime
170200110403,Maritime
170200110404,Maritime
170200110405,Maritime
170200110406,Montane Forest
170200110501,Montane Forest
170200110502,Montane Forest
170200110503,Montane Forest
170200110601,Montane Forest
170200110602,Montane Forest
170200110603,Montane Forest
170200110604,Ephemeral
170200110701,Ephemeral
170200110702,Maritime
170200110703,Maritime
170200110704,Montane Forest
170200110705,Ephemeral
170200110706,Ephemeral
170200110707,Ephemeral
170200110708,Ephemeral
171100050402,Montane Forest
171100050403,Maritime
171100050404,Montane Forest
171100050405,Maritime
171100050501,Montane Forest
171100050502,Maritime
171100050503,Maritime
171100050504,Maritime
171100050505,Maritime
171100050601,Maritime
171100050602,Maritime
171100050603,Maritime
171100050604,Maritime
171100050605,Maritime
171100050606,Maritime
171100050607,Ephemeral
171100050701,Maritime
171100050702,Maritime
171100050703,Maritime
171100050704,Maritime
171100050705,Maritime
171100050706,Maritime
171100050707,Maritime
171100050708,Maritime
171100050801,Maritime
171100050802,Maritime
171100050803,Maritime
171100050804,Maritime
171100050805,Maritime
171100050901,Maritime
171100050902,Maritime
171100050903,Maritime
171100050904,Maritime
171100050905,Maritime
171100051001,Maritime
171100051002,Maritime
171100051003,Maritime
171100051004,Maritime
171100051005,Maritime
171100051006,Maritime
171100051007,Maritime
171100051101,Maritime
171100051102,Maritime
171100051103,Maritime
171100051104,Ephemeral
171100060101,Maritime
171100060102,Maritime
171100060103,Maritime
171100060104,Maritime
171100060105,Maritime
171100060106,Maritime
171100060201,Maritime
171100060202,Maritime
171100060203,Maritime
171100060204,Maritime
171100060205,Maritime
171100060301,Maritime
171100060302,Maritime
171100060303,Maritime
171100060304,Maritime
171100060305,
171100060401,
171100060402,Maritime
171100060403,Maritime
171100060404,
171100060405,
171100090101,Maritime
171100090102,Maritime
171100090103,Maritime
171100090104,Maritime
171100090201,Maritime
171100090202,Maritime
171100090203,Maritime
171100090301,Maritime
171100090302,Maritime
171100090303,Maritime
171100090401,Maritime
171100090402,Maritime
171100090403,Maritime
171100090501,Maritime
171100090502,Maritime
171100090503,Ephemeral
171100090601,Ephemeral
171100090602,Ephemeral
171100090603,Ephemeral
171100090701,Ephemeral
171100090702,Ephemeral
170103040101,Montane Forest
170103040102,Montane Forest
170103040103,Montane Forest
170103040104,Montane Forest
170103040105,Montane Forest
170103040201,Montane Forest
170103040202,Montane Forest
170103040203,Montane Forest
170103040301,Montane Forest
170103040302,Montane Forest
170103040303,Montane Forest
170103040304,Montane Forest
170103040305,Montane Forest
170103040306,Montane Forest
170103040307,Montane Forest
170103040308,Montane Forest
170103040401,Montane Forest
170103040402,Montane Forest
170103040501,Montane Forest
170103040502,Montane Forest
170103040503,Montane Forest
170103040504,Montane Forest
170103040505,Montane Forest
170103040601,Montane Forest
170103040602,Montane Forest
170103040603,Montane Forest
170103040604,Montane Forest
170103040605,Ephemeral
170103040606,Montane Forest
170103040607,Prairie
170103040608,Ephemeral
170103040609,Ephemeral
170103040701,Montane Forest
170103040702,Montane Forest
170103040703,Montane Forest
170103040801,Montane Forest
170103040802,Ephemeral
170103040803,Montane Forest
170103040804,Montane Forest
170103040805,Ephemeral
170103040901,Montane Forest
170103040902,Ephemeral
170103040903,Ephemeral
170103041001,Ephemeral
170103041002,Ephemeral
170103041003,Ephemeral
170103041004,Ephemeral
170103041005,Ephemeral
170103041101,Ephemeral
170103041102,Ephemeral
170103041103,Ephemeral
170103041104,Ephemeral
170103020101,Montane Forest
170103020102,Montane Forest
170103020103,Montane Forest
170103020201,Montane Forest
170103020202,Montane Forest
170103020301,Montane Forest
170103020302,Montane Forest
170103020303,Montane Forest
170602070101,Montane Forest
170602070102,Montane Forest
170602070103,Montane Forest
170602070104,Montane Forest
170602070105,Montane Forest
170602070106,Montane Forest
170602070201,Montane Forest
170602070202,Montane Forest
170602070203,Montane Forest
170602070204,Montane Forest
170602070205,Montane Forest
170602070206,Montane Forest
170602070301,Montane Forest
170602070302,Montane Forest
170602070303,Montane Forest
170602070304,Montane Forest
170602070305,Montane Forest
170602070306,Montane Forest
170602070401,Montane Forest
170602070402,Montane Forest
170602070403,Montane Forest
170602070501,Montane Forest
170602070502,Montane Forest
170602070503,Montane Forest
170602070504,Montane Forest
170602070601,Montane Forest
170602070602,Montane Forest
170602070603,Montane Forest
170602070701,Montane Forest
170602070702,Montane Forest
170602070703,Montane Forest
170602070704,Montane Forest
170602070705,Montane Forest
170602070706,Montane Forest
170602070707,Montane Forest
170602070801,Montane Forest
170602070802,Montane Forest
170602070803,Montane Forest
170602070901,Montane Forest
170602070902,Montane Forest
170602070903,Montane Forest
170602070904,Montane Forest
170602071001,Montane Forest
170602071002,Montane Forest
170602071101,Ephemeral
170602071102,Montane Forest
170602071103,Montane Forest
170602071104,Montane Forest
170602071105,Montane Forest
170602071106,Montane Forest
170602071107,Montane Forest
170602080101,Montane Forest
170602080102,Montane Forest
170602080103,Montane Forest
170602080104,Montane Forest
170602080105,Montane Forest
170602080106,Montane Forest
170602080107,Montane Forest
170602080108,Montane Forest
170602080201,Montane Forest
170602080202,Montane Forest
170602080203,Montane Forest
170602080204,Montane Forest
170602080205,Montane Forest
170602080206,Montane Forest
170602080301,Montane Forest
170602080302,Montane Forest
170602080303,Montane Forest
170602080401,Montane Forest
170602080402,Montane Forest
170602080403,Prairie
170602080404,Prairie
170602080405,Montane Forest
170602080406,Montane Forest
170602080407,Montane Forest
170602080408,Montane Forest
170602080409,Montane Forest
170602080410,Montane Forest
170602080411,Montane Forest
170602080412,Montane Forest
170602080501,Montane Forest
170602080502,Montane Forest
170602080503,Montane Forest
170602080504,Montane Forest
170602080505,Montane Forest
170602080506,Montane Forest
170602080507,Montane Forest
170602080601,Montane Forest
170602080602,Prairie
170602080603,Montane Forest
170602080604,Montane Forest
170602080605,Montane Forest
170602080606,Montane Forest
170602080607,Montane Forest
170602080608,Montane Forest
170300010101,Maritime
170300010102,Maritime
170300010103,Maritime
170300010104,Maritime
170300010105,Maritime
170300010106,Ephemeral
170300010201,Montane Forest
170300010202,Maritime
170300010203,Maritime
170300010204,Montane Forest
170300010205,Montane Forest
170300010301,Maritime
170300010302,Maritime
170300010303,Maritime
170300010304,Ephemeral
170300010305,Maritime
170300010306,Ephemeral
170300010307,Ephemeral
170300010401,Montane Forest
170300010402,Montane Forest
170300010403,Ephemeral
170300010404,Ephemeral
170300010405,Ephemeral
170300010406,Ephemeral
170300010407,Ephemeral
170300010408,Ephemeral
170300010409,Ephemeral
170300010501,Montane Forest
170300010502,Ephemeral
170300010503,Montane Forest
170300010504,Montane Forest
170300010505,Ephemeral
170300010506,Ephemeral
170300010507,Ephemeral
170300010508,Montane Forest
170300010509,Montane Forest
170300010510,Ephemeral
170300010511,Ephemeral
170300010601,Montane Forest
170300010602,Montane Forest
170300010603,Prairie
170300010604,Ephemeral
170300010605,Ephemeral
170300010701,Prairie
170300010702,Ephemeral
170300010703,Ephemeral
170300010704,Ephemeral
170300010705,Ephemeral
170300010706,Ephemeral
170300010707,Ephemeral
170300010708,Ephemeral
170300010709,Ephemeral
170300020101,Maritime
170300020102,Maritime
170300020103,Maritime
170300020104,Maritime
170300020105,Maritime
170300020106,Maritime
170300020107,Maritime
170300020108,Montane Forest
170300020109,Montane Forest
170300020201,Montane Forest
170300020202,Montane Forest
170300020203,Montane Forest
170300020204,Maritime
170300020205,Montane Forest
170300020206,Montane Forest
170300020207,Ephemeral
170300020208,Ephemeral
170300020301,Maritime
170300020302,Maritime
170300020303,Maritime
170300020304,Maritime
170300020305,Ephemeral
170300020306,Montane Forest
170300020307,Montane Forest
170300020308,Montane Forest
170300020309,Montane Forest
170300020310,Ephemeral
170300020311,Ephemeral
170300020312,Ephemeral
171100080101,Maritime
171100080102,Ephemeral
171100080103,Maritime
171100080104,Maritime
171100080105,Maritime
171100080106,Ephemeral
171100080107,Maritime
171100080108,Maritime
171100080109,Ephemeral
171100080201,Maritime
171100080202,Maritime
171100080203,Ephemeral
171100080204,Maritime
171100080205,Ephemeral
171100080206,Ephemeral
171100080207,Ephemeral
171100080301,Ephemeral
171100080302,Ephemeral
171100080303,Ephemeral
171100080304,Ephemeral
170300030101,Montane Forest
170300030102,Montane Forest
170300030103,Montane Forest
170300030104,Ephemeral
170300030105,Ephemeral
170300030201,Ephemeral
170300030202,Ephemeral
170300030203,Ephemeral
170300030204,Ephemeral
170300030205,Ephemeral
170300030206,Ephemeral
170300030301,Ephemeral
170300030302,Ephemeral
170300030303,Ephemeral
170300030304,Ephemeral
170300030305,Ephemeral
170300030401,Ephemeral
170300030402,Ephemeral
170300030403,Ephemeral
170300030501,Ephemeral
170300030502,Ephemeral
170300030503,Ephemeral
170300030504,Ephemeral
170300030505,Ephemeral
170300030506,Ephemeral
170300030601,Prairie
170300030602,Montane Forest
170300030603,Ephemeral
170300030604,Ephemeral
170300030605,Ephemeral
170300030606,Ephemeral
170300030607,Ephemeral
170300030701,Ephemeral
170300030702,Ephemeral
170300030703,Ephemeral
170300030704,Ephemeral
170300030705,Ephemeral
170300030706,Ephemeral
170300030801,Ephemeral
170300030802,Ephemeral
170300030803,Ephemeral
170300030804,Ephemeral
170300030805,Ephemeral
170300030806,Ephemeral
170300030807,Ephemeral
170300030901,Ephemeral
170300030902,Ephemeral
170300030903,Ephemeral
170300030904,Ephemeral
170300030905,Ephemeral
170300030906,Ephemeral
170300031001,Ephemeral
170300031002,Ephemeral
170300031003,Ephemeral
170300031004,Ephemeral
170300031005,Ephemeral
170300031006,Ephemeral
170300031007,Ephemeral
170300031101,Ephemeral
170300031102,Ephemeral
170300031103,Ephemeral
170300031104,Ephemeral
170300031105,Ephemeral
170300031106,Ephemeral
170300031107,Ephemeral
170300031108,Ephemeral
170300031109,Ephemeral
170300031201,Ephemeral
170300031202,Ephemeral
170300031203,Ephemeral
170300031204,Ephemeral
170300031205,Ephemeral
170200100101,Montane Forest
170200100102,Montane Forest
170200100103,Montane Forest
170200100201,Maritime
170200100202,Maritime
170200100203,Maritime
170200100204,Montane Forest
170200100205,Montane Forest
170200100206,Prairie
170200100207,Ephemeral
170200100208,Montane Forest
170200100209,Ephemeral
170200100301,Ephemeral
170200100302,Ephemeral
170200100303,Ephemeral
170200100304,Prairie
170200100305,Montane Forest
170200100306,Ephemeral
170200100307,Ephemeral
170200100308,Ephemeral
170200100309,Montane Forest
170200100310,Montane Forest
170200100311,Prairie
170200100312,Prairie
170200100313,Ephemeral
170200100401,Ephemeral
170200100402,Montane Forest
170200100403,Ephemeral
170200100404,Ephemeral
170200100405,Ephemeral
170200100406,Ephemeral
170200100407,Ephemeral
170200100408,Ephemeral
170200100409,Ephemeral
170200100501,Ephemeral
170200100502,Ephemeral
170200100503,Ephemeral
170200100504,Ephemeral
170200100505,Ephemeral
170200100506,Ephemeral
170200100507,Ephemeral
171100070101,Maritime
171100070102,Maritime
171100070103,Ephemeral
171100070104,Ephemeral
171100070105,Ephemeral
171100070106,Maritime
171100070107,Ephemeral
171100070201,Ephemeral
171100070202,Ephemeral
171100070203,Ephemeral
171100070204,Ephemeral
