huc_id,mean_peak_swe,snow_class,mean_peak_swe_meters,is_shallow
170200090101,1081.123046875,deep,1.081123046875,0
170200090102,1106.4527587890625,deep,1.1064527587890625,0
170200090103,942.5164794921875,deep,0.9425164794921875,0
170200090104,1155.2049560546875,deep,1.1552049560546875,0
170200090105,1234.234130859375,deep,1.234234130859375,0
170200090106,1070.5875244140625,deep,1.0705875244140626,0
170200090107,1121.7188720703125,deep,1.1217188720703124,0
170200090108,1096.205078125,deep,1.096205078125,0
170200090109,948.5753784179688,deep,0.9485753784179688,0
170200090110,648.1409301757812,deep,0.6481409301757812,0
170200090111,961.2939453125,deep,0.9612939453125,0
170200090112,848.5087890625,deep,0.8485087890625,0
170200090113,771.3590087890625,deep,0.7713590087890625,0
170200090114,552.4510498046875,deep,0.5524510498046875,0
170200090201,627.265625,deep,0.627265625,0
170200090202,808.8129272460938,deep,0.8088129272460938,0
170200090203,1097.9976806640625,deep,1.0979976806640626,0
170200090204,766.6423950195312,deep,0.7666423950195312,0
170200090205,732.580078125,deep,0.732580078125,0
170200090206,417.93310546875,deep,0.41793310546875,0
170200090207,467.04229736328125,deep,0.46704229736328123,0
170200090208,539.1533813476562,deep,0.5391533813476562,0
170200090209,676.9927978515625,deep,0.6769927978515625,0
170200090210,310.2878723144531,deep,0.31028787231445315,0
170200090301,450.879638671875,deep,0.450879638671875,0
170200090302,292.22491455078125,deep,0.29222491455078126,0
170200090303,99.25863647460938,deep,0.09925863647460938,0
170200090304,245.563232421875,deep,0.245563232421875,0
170200090305,67.71257019042969,deep,0.06771257019042969,0
170200110101,1290.733642578125,deep,1.290733642578125,0
170200110102,1082.197265625,deep,1.082197265625,0
170200110103,989.88720703125,deep,0.98988720703125,0
170200110104,1018.3699340820312,deep,1.0183699340820314,0
170200110105,453.74151611328125,deep,0.45374151611328123,0
170200110106,1172.843017578125,deep,1.172843017578125,0
170200110107,1037.031982421875,deep,1.037031982421875,0
170200110108,759.1820068359375,deep,0.7591820068359375,0
170200110109,958.8513793945312,deep,0.9588513793945312,0
170200110110,510.4917907714844,deep,0.5104917907714843,0
170200110111,363.70928955078125,deep,0.36370928955078125,0
170200110201,1012.3873291015625,deep,1.0123873291015626,0
170200110202,1224.759521484375,deep,1.224759521484375,0
170200110203,487.7188415527344,deep,0.4877188415527344,0
170200110301,1230.0091552734375,deep,1.2300091552734376,0
170200110302,1189.1058349609375,deep,1.1891058349609376,0
170200110303,720.4976806640625,deep,0.7204976806640625,0
170200110304,772.125732421875,deep,0.772125732421875,0
170200110305,503.23876953125,deep,0.50323876953125,0
170200110306,710.0578002929688,deep,0.7100578002929687,0
170200110307,407.6940002441406,deep,0.4076940002441406,0
170200110308,355.52545166015625,deep,0.35552545166015626,0
170200110401,1240.008544921875,deep,1.240008544921875,0
170200110402,1254.846923828125,deep,1.254846923828125,0
170200110403,1078.4736328125,deep,1.0784736328125,0
170200110404,747.2830810546875,deep,0.7472830810546875,0
170200110405,841.8642578125,deep,0.8418642578125,0
170200110406,450.57891845703125,deep,0.45057891845703124,0
170200110501,331.38507080078125,deep,0.3313850708007812,0
170200110502,793.6428833007812,deep,0.7936428833007813,0
170200110503,220.4995880126953,deep,0.2204995880126953,0
170200110601,258.8855895996094,deep,0.2588855895996094,0
170200110602,269.7548522949219,deep,0.26975485229492185,0
170200110603,229.6353759765625,deep,0.2296353759765625,0
170200110604,158.6634063720703,deep,0.15866340637207033,0
170200110701,278.19537353515625,deep,0.2781953735351563,0
170200110702,741.2435302734375,deep,0.7412435302734375,0
170200110703,389.9835510253906,deep,0.3899835510253906,0
170200110704,311.47613525390625,deep,0.31147613525390627,0
170200110705,259.03839111328125,deep,0.25903839111328125,0
170200110706,205.843017578125,deep,0.205843017578125,0
170200110707,168.03524780273438,deep,0.16803524780273438,0
170200110708,117.06867980957031,deep,0.11706867980957031,0
171100050501,936.1287841796875,deep,0.9361287841796875,0
171100050502,739.5697021484375,deep,0.7395697021484375,0
171100050503,1042.8516845703125,deep,1.0428516845703124,0
171100050504,844.1551513671875,deep,0.8441551513671876,0
171100050505,834.9850463867188,deep,0.8349850463867188,0
171100050601,1358.2718505859375,deep,1.3582718505859375,0
171100050602,734.8551025390625,deep,0.7348551025390625,0
171100050603,616.8187255859375,deep,0.6168187255859375,0
171100050604,833.0408325195312,deep,0.8330408325195312,0
171100050605,1417.51611328125,deep,1.41751611328125,0
171100050606,793.6452026367188,deep,0.7936452026367188,0
171100050607,466.48187255859375,deep,0.46648187255859375,0
171100050701,1260.0782470703125,deep,1.2600782470703125,0
171100050702,1308.0855712890625,deep,1.3080855712890624,0
171100050703,927.1787109375,deep,0.9271787109375,0
171100050704,520.9715576171875,deep,0.5209715576171875,0
171100050705,1125.1468505859375,deep,1.1251468505859374,0
171100050706,993.3695068359375,deep,0.9933695068359375,0
171100050707,1120.825927734375,deep,1.120825927734375,0
171100050708,633.3441162109375,deep,0.6333441162109374,0
171100050801,1174.7249755859375,deep,1.1747249755859375,0
171100050802,1075.730224609375,deep,1.075730224609375,0
171100050803,1103.3323974609375,deep,1.1033323974609375,0
171100050804,626.2489013671875,deep,0.6262489013671875,0
171100050805,524.347900390625,deep,0.524347900390625,0
171100050901,460.30767822265625,deep,0.4603076782226562,0
171100050902,799.14404296875,deep,0.79914404296875,0
171100050903,924.4578247070312,deep,0.9244578247070312,0
171100050904,708.6912841796875,deep,0.7086912841796875,0
171100050905,235.70022583007812,deep,0.23570022583007813,0
171100051001,1349.9954833984375,deep,1.3499954833984376,0
171100051002,693.1090087890625,deep,0.6931090087890625,0
171100051003,870.1301879882812,deep,0.8701301879882812,0
171100051004,826.173828125,deep,0.826173828125,0
171100051005,475.8912658691406,deep,0.4758912658691406,0
171100051006,542.6221923828125,deep,0.5426221923828125,0
171100051007,437.06085205078125,deep,0.43706085205078127,0
171100051101,274.21051025390625,deep,0.27421051025390625,0
171100051102,695.6295166015625,deep,0.6956295166015625,0
171100051103,428.90069580078125,deep,0.4289006958007813,0
171100051104,130.16671752929688,deep,0.13016671752929687,0
171100060101,1262.108154296875,deep,1.262108154296875,0
171100060102,1127.3365478515625,deep,1.1273365478515625,0
171100060103,1152.114013671875,deep,1.152114013671875,0
171100060104,1309.3836669921875,deep,1.3093836669921874,0
171100060105,783.9150390625,deep,0.7839150390625,0
171100060106,556.5665283203125,deep,0.5565665283203125,0
171100060201,1134.3447265625,deep,1.1343447265625,0
171100060202,1005.8536376953125,deep,1.0058536376953124,0
171100060203,1189.982666015625,deep,1.189982666015625,0
171100060204,1188.7919921875,deep,1.1887919921875,0
171100060205,748.4795532226562,deep,0.7484795532226562,0
171100060301,869.9461669921875,deep,0.8699461669921875,0
171100060302,1022.4173583984375,deep,1.0224173583984375,0
171100060303,571.570556640625,deep,0.571570556640625,0
171100060304,817.3915405273438,deep,0.8173915405273438,0
171100060305,350.88250732421875,deep,0.3508825073242188,0
171100060401,307.19879150390625,deep,0.3071987915039063,0
171100060402,601.6312255859375,deep,0.6016312255859375,0
171100060403,367.4591369628906,deep,0.3674591369628906,0
171100060404,109.42875671386719,deep,0.10942875671386719,0
171100060405,134.44699096679688,deep,0.13444699096679688,0
171100090101,1135.73291015625,deep,1.13573291015625,0
171100090102,1081.806884765625,deep,1.081806884765625,0
171100090103,1256.41943359375,deep,1.25641943359375,0
171100090104,662.1394653320312,deep,0.6621394653320313,0
171100090201,1005.6130981445312,deep,1.0056130981445313,0
171100090202,698.3904418945312,deep,0.6983904418945313,0
171100090203,560.4649658203125,deep,0.5604649658203125,0
171100090301,923.2774658203125,deep,0.9232774658203124,0
171100090302,497.49298095703125,deep,0.49749298095703126,0
171100090303,358.7147521972656,deep,0.3587147521972656,0
171100090401,1173.043701171875,deep,1.173043701171875,0
171100090402,885.3878173828125,deep,0.8853878173828125,0
171100090403,548.4261474609375,deep,0.5484261474609375,0
171100090501,807.7706298828125,deep,0.8077706298828125,0
171100090502,576.2626953125,deep,0.5762626953125,0
171100090503,31.22174072265625,shallow,0.03122174072265625,1
171100090601,89.7476577758789,deep,0.08974765777587891,0
171100090602,377.5647888183594,deep,0.37756478881835936,0
171100090603,137.70840454101562,deep,0.13770840454101563,0
171100090701,13.020442008972168,shallow,0.013020442008972169,1
171100090702,92.65645599365234,deep,0.09265645599365234,0
170103040101,924.32275390625,deep,0.92432275390625,0
170103040102,666.9577026367188,deep,0.6669577026367187,0
170103040103,603.2814331054688,deep,0.6032814331054688,0
170103040104,674.9464111328125,deep,0.6749464111328125,0
170103040105,515.7900390625,deep,0.5157900390625,0
170103040201,540.9644775390625,deep,0.5409644775390625,0
170103040202,549.9060668945312,deep,0.5499060668945313,0
170103040203,468.56134033203125,deep,0.46856134033203123,0
170103040301,586.1665649414062,deep,0.5861665649414063,0
170103040302,505.80535888671875,deep,0.5058053588867187,0
170103040303,558.5001220703125,deep,0.5585001220703125,0
170103040304,455.215576171875,deep,0.455215576171875,0
170103040305,433.61651611328125,deep,0.4336165161132812,0
170103040306,480.8766174316406,deep,0.4808766174316406,0
170103040307,432.8663635253906,deep,0.43286636352539065,0
170103040308,368.2378845214844,deep,0.36823788452148437,0
170103040401,591.1897583007812,deep,0.5911897583007812,0
170103040402,417.60406494140625,deep,0.41760406494140623,0
170103040501,728.080322265625,deep,0.728080322265625,0
170103040502,435.36053466796875,deep,0.43536053466796876,0
170103040503,454.759033203125,deep,0.454759033203125,0
170103040504,522.8939819335938,deep,0.5228939819335937,0
170103040505,415.94158935546875,deep,0.41594158935546877,0
170103040601,296.4595947265625,deep,0.2964595947265625,0
170103040602,387.5933532714844,deep,0.38759335327148436,0
170103040603,298.29541015625,deep,0.29829541015625,0
170103040604,372.6786804199219,deep,0.37267868041992186,0
170103040605,202.7291259765625,deep,0.2027291259765625,0
170103040606,283.70050048828125,deep,0.28370050048828127,0
170103040607,219.60195922851562,deep,0.21960195922851564,0
170103040608,236.8040008544922,deep,0.23680400085449219,0
170103040609,204.80770874023438,deep,0.20480770874023438,0
170103040701,479.44512939453125,deep,0.47944512939453127,0
170103040702,369.8897399902344,deep,0.3698897399902344,0
170103040703,317.64971923828125,deep,0.3176497192382812,0
170103040801,314.8854064941406,deep,0.31488540649414065,0
170103040802,329.95343017578125,deep,0.32995343017578127,0
170103040803,273.93121337890625,deep,0.27393121337890625,0
170103040804,308.1783752441406,deep,0.3081783752441406,0
170103040805,196.2947540283203,deep,0.1962947540283203,0
170103040901,299.0707702636719,deep,0.29907077026367185,0
170103040902,186.5880126953125,deep,0.1865880126953125,0
170103040903,170.98916625976562,deep,0.17098916625976562,0
170103041001,170.95191955566406,deep,0.17095191955566405,0
170103041002,151.11257934570312,deep,0.15111257934570313,0
170103041003,170.24728393554688,deep,0.17024728393554686,0
170103041004,193.01284790039062,deep,0.19301284790039064,0
170103041005,138.8657684326172,deep,0.1388657684326172,0
170103041101,169.26766967773438,deep,0.16926766967773438,0
170103041102,135.62380981445312,deep,0.13562380981445313,0
170103041103,97.18382263183594,deep,0.09718382263183593,0
170103041104,105.9960708618164,deep,0.10599607086181641,0
170103020101,502.2001037597656,deep,0.5022001037597656,0
170103020102,446.6480407714844,deep,0.4466480407714844,0
170103020103,476.10760498046875,deep,0.4761076049804687,0
170103020201,435.424560546875,deep,0.435424560546875,0
170103020202,265.98333740234375,deep,0.26598333740234376,0
170103020301,280.78546142578125,deep,0.28078546142578126,0
170103020302,392.65447998046875,deep,0.39265447998046876,0
170103020303,231.69509887695312,deep,0.23169509887695314,0
170602070101,475.37725830078125,deep,0.47537725830078126,0
170602070102,616.1074829101562,deep,0.6161074829101563,0
170602070103,511.15985107421875,deep,0.5111598510742188,0
170602070104,528.4242553710938,deep,0.5284242553710937,0
170602070105,526.3954467773438,deep,0.5263954467773437,0
170602070106,333.09429931640625,deep,0.3330942993164063,0
170602070201,381.63421630859375,deep,0.38163421630859373,0
170602070202,197.75045776367188,deep,0.19775045776367187,0
170602070203,220.89175415039062,deep,0.2208917541503906,0
170602070204,478.3741760253906,deep,0.4783741760253906,0
170602070205,323.9542541503906,deep,0.32395425415039064,0
170602070206,331.76422119140625,deep,0.33176422119140625,0
170602070301,601.3963623046875,deep,0.6013963623046875,0
170602070302,389.47100830078125,deep,0.38947100830078124,0
170602070303,350.57464599609375,deep,0.3505746459960937,0
170602070304,367.77886962890625,deep,0.36777886962890627,0
170602070305,313.96514892578125,deep,0.31396514892578126,0
170602070306,267.59002685546875,deep,0.26759002685546873,0
170602070401,544.0113525390625,deep,0.5440113525390625,0
170602070402,563.6749877929688,deep,0.5636749877929688,0
170602070403,488.74652099609375,deep,0.4887465209960937,0
170602070501,459.7998046875,deep,0.4597998046875,0
170602070502,240.8791961669922,deep,0.2408791961669922,0
170602070503,353.24273681640625,deep,0.3532427368164063,0
170602070504,314.859130859375,deep,0.314859130859375,0
170602070601,466.8836975097656,deep,0.4668836975097656,0
170602070602,490.0062561035156,deep,0.4900062561035156,0
170602070603,330.0660095214844,deep,0.33006600952148435,0
170602070701,297.6037902832031,deep,0.2976037902832031,0
170602070702,365.7593688964844,deep,0.36575936889648436,0
170602070703,330.39105224609375,deep,0.3303910522460938,0
170602070704,315.42401123046875,deep,0.31542401123046876,0
170602070705,321.7388610839844,deep,0.32173886108398436,0
170602070706,444.5361328125,deep,0.4445361328125,0
170602070707,224.1253204345703,deep,0.2241253204345703,0
170602070801,513.2504272460938,deep,0.5132504272460937,0
170602070802,369.02166748046875,deep,0.3690216674804688,0
170602070803,335.56243896484375,deep,0.3355624389648437,0
170602070901,362.6136169433594,deep,0.36261361694335936,0
170602070902,449.453857421875,deep,0.449453857421875,0
170602070903,557.5162353515625,deep,0.5575162353515625,0
170602070904,206.33450317382812,deep,0.20633450317382812,0
170602071001,530.1063232421875,deep,0.5301063232421875,0
170602071002,572.4993286132812,deep,0.5724993286132812,0
170602071101,156.0154571533203,deep,0.15601545715332032,0
170602071102,463.7205505371094,deep,0.46372055053710937,0
170602071103,276.5164794921875,deep,0.2765164794921875,0
170602071104,414.1338806152344,deep,0.4141338806152344,0
170602071105,241.07760620117188,deep,0.24107760620117188,0
170602071106,385.6284484863281,deep,0.3856284484863281,0
170602071107,246.84402465820312,deep,0.24684402465820313,0
170602080101,949.2027587890625,deep,0.9492027587890625,0
170602080102,836.3541259765625,deep,0.8363541259765624,0
170602080103,695.5069580078125,deep,0.6955069580078125,0
170602080104,617.156982421875,deep,0.617156982421875,0
170602080105,762.2120361328125,deep,0.7622120361328125,0
170602080106,591.4290771484375,deep,0.5914290771484375,0
170602080107,515.3790893554688,deep,0.5153790893554687,0
170602080108,417.79229736328125,deep,0.4177922973632813,0
170602080201,472.64703369140625,deep,0.47264703369140626,0
170602080202,549.4303588867188,deep,0.5494303588867188,0
170602080203,523.9764404296875,deep,0.5239764404296875,0
170602080204,494.1598205566406,deep,0.49415982055664065,0
170602080205,544.077392578125,deep,0.544077392578125,0
170602080206,425.01904296875,deep,0.42501904296875,0
170602080301,614.6029052734375,deep,0.6146029052734375,0
170602080302,367.55865478515625,deep,0.36755865478515626,0
170602080303,273.7061767578125,deep,0.2737061767578125,0
170602080401,722.7987060546875,deep,0.7227987060546875,0
170602080402,592.7527465820312,deep,0.5927527465820313,0
170602080403,686.0305786132812,deep,0.6860305786132812,0
170602080404,633.1014404296875,deep,0.6331014404296875,0
170602080405,542.7344360351562,deep,0.5427344360351563,0
170602080406,560.3446044921875,deep,0.5603446044921875,0
170602080407,519.2402954101562,deep,0.5192402954101563,0
170602080408,700.4059448242188,deep,0.7004059448242187,0
170602080409,354.9888916015625,deep,0.3549888916015625,0
170602080410,499.16217041015625,deep,0.49916217041015626,0
170602080411,454.56414794921875,deep,0.45456414794921873,0
170602080412,269.8554382324219,deep,0.26985543823242186,0
170602080501,834.4992065429688,deep,0.8344992065429687,0
170602080502,708.7985229492188,deep,0.7087985229492187,0
170602080503,495.91937255859375,deep,0.49591937255859375,0
170602080504,895.3758544921875,deep,0.8953758544921875,0
170602080505,533.9625244140625,deep,0.5339625244140624,0
170602080506,614.9094848632812,deep,0.6149094848632812,0
170602080507,357.0638122558594,deep,0.35706381225585937,0
170602080601,389.2892761230469,deep,0.38928927612304687,0
170602080602,406.5207214355469,deep,0.40652072143554685,0
170602080603,577.4398803710938,deep,0.5774398803710937,0
170602080604,278.32977294921875,deep,0.27832977294921873,0
170602080605,437.92779541015625,deep,0.43792779541015625,0
170602080606,222.40988159179688,deep,0.22240988159179687,0
170602080607,401.348388671875,deep,0.401348388671875,0
170602080608,203.6422882080078,deep,0.2036422882080078,0
170300010101,1151.623046875,deep,1.151623046875,0
170300010102,1151.0740966796875,deep,1.1510740966796875,0
170300010103,1224.190673828125,deep,1.224190673828125,0
170300010104,687.419677734375,deep,0.687419677734375,0
170300010105,354.44195556640625,deep,0.35444195556640623,0
170300010106,235.45083618164062,deep,0.23545083618164062,0
170300010201,681.4798583984375,deep,0.6814798583984375,0
170300010202,710.4133911132812,deep,0.7104133911132813,0
170300010203,458.8387756347656,deep,0.4588387756347656,0
170300010204,325.7537536621094,deep,0.3257537536621094,0
170300010205,180.3529052734375,deep,0.1803529052734375,0
170300010301,1006.693359375,deep,1.006693359375,0
170300010302,789.0711059570312,deep,0.7890711059570312,0
170300010303,930.353515625,deep,0.930353515625,0
170300010304,522.8449096679688,deep,0.5228449096679687,0
170300010305,788.3873901367188,deep,0.7883873901367188,0
170300010306,394.7783203125,deep,0.3947783203125,0
170300010307,187.594970703125,deep,0.187594970703125,0
170300010401,473.84393310546875,deep,0.47384393310546874,0
170300010402,333.5963439941406,deep,0.3335963439941406,0
170300010403,196.62913513183594,deep,0.19662913513183594,0
170300010404,98.43255615234375,deep,0.09843255615234375,0
170300010405,170.27828979492188,deep,0.17027828979492188,0
170300010406,55.74602127075195,deep,0.055746021270751955,0
170300010407,42.157752990722656,deep,0.042157752990722656,0
170300010408,120.10218811035156,deep,0.12010218811035156,0
170300010409,43.06983184814453,deep,0.04306983184814453,0
170300010501,299.1478271484375,deep,0.2991478271484375,0
170300010502,206.8731231689453,deep,0.20687312316894532,0
170300010503,774.4089965820312,deep,0.7744089965820312,0
170300010504,358.6654968261719,deep,0.3586654968261719,0
170300010505,145.24697875976562,deep,0.14524697875976564,0
170300010506,98.52882385253906,deep,0.09852882385253907,0
170300010507,113.15694427490234,deep,0.11315694427490235,0
170300010508,688.2669067382812,deep,0.6882669067382813,0
170300010509,500.3369140625,deep,0.5003369140625,0
170300010510,111.3037338256836,deep,0.11130373382568359,0
170300010511,59.176124572753906,deep,0.0591761245727539,0
170300010601,221.0532684326172,deep,0.2210532684326172,0
170300010602,309.30804443359375,deep,0.3093080444335938,0
170300010603,138.029296875,deep,0.138029296875,0
170300010604,45.519859313964844,deep,0.04551985931396484,0
170300010605,54.43396759033203,deep,0.05443396759033203,0
170300010701,88.54023742675781,deep,0.08854023742675782,0
170300010702,38.66698455810547,shallow,0.038666984558105466,1
170300010703,36.587059020996094,shallow,0.03658705902099609,1
170300010704,38.22077941894531,shallow,0.03822077941894531,1
170300010705,42.600929260253906,deep,0.042600929260253904,0
170300010706,35.57518768310547,shallow,0.03557518768310547,1
170300010707,33.240196228027344,shallow,0.03324019622802735,1
170300010708,37.36597442626953,shallow,0.03736597442626953,1
170300010709,31.47345542907715,shallow,0.031473455429077146,1
170300020101,738.087890625,deep,0.738087890625,0
170300020102,599.1348266601562,deep,0.5991348266601563,0
170300020103,778.8733520507812,deep,0.7788733520507812,0
170300020104,886.6340942382812,deep,0.8866340942382812,0
170300020105,861.4306640625,deep,0.8614306640625,0
170300020106,1020.5537109375,deep,1.0205537109375,0
170300020107,754.2705688476562,deep,0.7542705688476562,0
170300020108,664.56787109375,deep,0.66456787109375,0
170300020109,526.2937622070312,deep,0.5262937622070313,0
170300020201,404.27630615234375,deep,0.4042763061523437,0
170300020202,401.518798828125,deep,0.401518798828125,0
170300020203,528.7996215820312,deep,0.5287996215820312,0
170300020204,953.1832885742188,deep,0.9531832885742187,0
170300020205,438.762939453125,deep,0.438762939453125,0
170300020206,545.0481567382812,deep,0.5450481567382812,0
170300020207,218.7539825439453,deep,0.21875398254394532,0
170300020208,109.5720443725586,deep,0.10957204437255859,0
170300020301,728.9476318359375,deep,0.7289476318359375,0
170300020302,812.753662109375,deep,0.812753662109375,0
170300020303,692.8961791992188,deep,0.6928961791992188,0
170300020304,489.6978454589844,deep,0.48969784545898437,0
170300020305,491.80908203125,deep,0.49180908203125,0
170300020306,413.7037048339844,deep,0.4137037048339844,0
170300020307,223.99258422851562,deep,0.22399258422851562,0
170300020308,247.4982452392578,deep,0.2474982452392578,0
170300020309,333.9097900390625,deep,0.3339097900390625,0
170300020310,72.8116226196289,deep,0.07281162261962891,0
170300020311,67.81935119628906,deep,0.06781935119628907,0
170300020312,50.725502014160156,deep,0.05072550201416016,0
171100080101,248.4918212890625,deep,0.2484918212890625,0
171100080102,465.83740234375,deep,0.46583740234375,0
171100080103,202.5849609375,deep,0.2025849609375,0
171100080104,712.2593994140625,deep,0.7122593994140625,0
171100080105,126.4287109375,deep,0.1264287109375,0
171100080106,48.13351058959961,deep,0.04813351058959961,0
171100080107,480.509765625,deep,0.480509765625,0
171100080108,257.41412353515625,deep,0.25741412353515625,0
171100080109,38.76204299926758,shallow,0.038762042999267575,1
171100080201,712.6009521484375,deep,0.7126009521484375,0
171100080202,405.53363037109375,deep,0.40553363037109375,0
171100080203,121.255126953125,deep,0.121255126953125,0
171100080204,536.742919921875,deep,0.536742919921875,0
171100080205,46.92339324951172,deep,0.04692339324951172,0
171100080206,100.04966735839844,deep,0.10004966735839843,0
171100080207,18.028797149658203,shallow,0.0180287971496582,1
171100080301,119.61320495605469,deep,0.11961320495605468,0
171100080302,20.41031837463379,shallow,0.02041031837463379,1
171100080303,15.985278129577637,shallow,0.015985278129577635,1
171100080304,11.01109790802002,shallow,0.01101109790802002,1
170300030101,487.33587646484375,deep,0.4873358764648438,0
170300030102,275.53533935546875,deep,0.27553533935546876,0
170300030103,231.99710083007812,deep,0.23199710083007813,0
170300030104,76.88072204589844,deep,0.07688072204589844,0
170300030105,38.907588958740234,shallow,0.03890758895874023,1
170300030201,25.770437240600586,shallow,0.025770437240600585,1
170300030202,26.703731536865234,shallow,0.026703731536865234,1
170300030203,27.507366180419922,shallow,0.02750736618041992,1
170300030204,59.80437469482422,deep,0.05980437469482422,0
170300030205,35.32712936401367,shallow,0.03532712936401367,1
170300030206,27.828907012939453,shallow,0.02782890701293945,1
170300030301,223.5338134765625,deep,0.2235338134765625,0
170300030302,69.44923400878906,deep,0.06944923400878907,0
170300030303,84.5736083984375,deep,0.0845736083984375,0
170300030304,37.198097229003906,shallow,0.037198097229003906,1
170300030305,51.698768615722656,deep,0.05169876861572266,0
170300030401,20.71237564086914,shallow,0.02071237564086914,1
170300030402,22.22627830505371,shallow,0.02222627830505371,1
170300030403,22.027862548828125,shallow,0.022027862548828124,1
170300030501,24.694873809814453,shallow,0.024694873809814454,1
170300030502,22.727657318115234,shallow,0.022727657318115234,1
170300030503,20.61136817932129,shallow,0.02061136817932129,1
170300030504,18.65700912475586,shallow,0.01865700912475586,1
170300030505,19.362903594970703,shallow,0.019362903594970702,1
170300030506,17.270305633544922,shallow,0.01727030563354492,1
170300030601,227.9234161376953,deep,0.22792341613769532,0
170300030602,246.29379272460938,deep,0.24629379272460938,0
170300030603,95.04451751708984,deep,0.09504451751708984,0
170300030604,20.770671844482422,shallow,0.020770671844482422,1
170300030605,42.20206069946289,deep,0.04220206069946289,0
170300030606,26.72788429260254,shallow,0.02672788429260254,1
170300030607,19.83065414428711,shallow,0.01983065414428711,1
170300030701,182.5753173828125,deep,0.1825753173828125,0
170300030702,111.57514953613281,deep,0.11157514953613282,0
170300030703,143.15945434570312,deep,0.14315945434570312,0
170300030704,263.07843017578125,deep,0.26307843017578125,0
170300030705,36.48242950439453,shallow,0.03648242950439453,1
170300030706,48.72972869873047,deep,0.04872972869873047,0
170300030801,196.2952423095703,deep,0.19629524230957032,0
170300030802,89.46621704101562,deep,0.08946621704101562,0
170300030803,34.284156799316406,shallow,0.03428415679931641,1
170300030804,35.68561553955078,shallow,0.03568561553955078,1
170300030805,55.0219612121582,deep,0.0550219612121582,0
170300030806,40.53263473510742,deep,0.040532634735107424,0
170300030807,21.361312866210938,shallow,0.021361312866210937,1
170300030901,24.668415069580078,shallow,0.024668415069580077,1
170300030902,21.81664276123047,shallow,0.021816642761230468,1
170300030903,16.156238555908203,shallow,0.016156238555908205,1
170300030904,20.042390823364258,shallow,0.02004239082336426,1
170300030905,14.693791389465332,shallow,0.014693791389465333,1
170300030906,15.819491386413574,shallow,0.015819491386413573,1
170300031001,17.242156982421875,shallow,0.017242156982421875,1
170300031002,18.5285587310791,shallow,0.0185285587310791,1
170300031003,15.768293380737305,shallow,0.015768293380737305,1
170300031004,14.698812484741211,shallow,0.014698812484741211,1
170300031005,19.024791717529297,shallow,0.019024791717529296,1
170300031006,20.991830825805664,shallow,0.020991830825805663,1
170300031007,14.639111518859863,shallow,0.014639111518859863,1
170300031101,30.765588760375977,shallow,0.030765588760375977,1
170300031102,30.184051513671875,shallow,0.030184051513671876,1
170300031103,23.235309600830078,shallow,0.02323530960083008,1
170300031104,24.052209854125977,shallow,0.024052209854125976,1
170300031105,21.134807586669922,shallow,0.021134807586669923,1
170300031106,15.720171928405762,shallow,0.01572017192840576,1
170300031107,17.310840606689453,shallow,0.017310840606689453,1
170300031108,14.771209716796875,shallow,0.014771209716796876,1
170300031109,13.824063301086426,shallow,0.013824063301086426,1
170300031201,21.72909927368164,shallow,0.02172909927368164,1
170300031202,15.56853199005127,shallow,0.01556853199005127,1
170300031203,14.821797370910645,shallow,0.014821797370910645,1
170300031204,17.256563186645508,shallow,0.017256563186645507,1
170300031205,12.335813522338867,shallow,0.012335813522338868,1
170200100101,604.2894287109375,deep,0.6042894287109375,0
170200100102,343.0689392089844,deep,0.3430689392089844,0
170200100103,300.40802001953125,deep,0.30040802001953126,0
170200100201,1147.7584228515625,deep,1.1477584228515625,0
170200100202,755.4378051757812,deep,0.7554378051757813,0
170200100203,772.1483154296875,deep,0.7721483154296875,0
170200100204,578.3414916992188,deep,0.5783414916992188,0
170200100205,385.22821044921875,deep,0.38522821044921873,0
170200100206,133.40109252929688,deep,0.13340109252929688,0
170200100207,188.03036499023438,deep,0.18803036499023437,0
170200100208,360.91790771484375,deep,0.3609179077148438,0
170200100209,150.6380615234375,deep,0.1506380615234375,0
170200100301,102.6401138305664,deep,0.10264011383056641,0
170200100302,71.56666564941406,deep,0.07156666564941407,0
170200100303,82.04557037353516,deep,0.08204557037353516,0
170200100304,87.90618133544922,deep,0.08790618133544922,0
170200100305,297.27410888671875,deep,0.29727410888671874,0
170200100306,81.60822296142578,deep,0.08160822296142578,0
170200100307,67.64225769042969,deep,0.06764225769042968,0
170200100308,79.41072082519531,deep,0.07941072082519532,0
170200100309,172.45899963378906,deep,0.17245899963378905,0
170200100310,176.3782196044922,deep,0.17637821960449218,0
170200100311,79.13252258300781,deep,0.07913252258300782,0
170200100312,78.62449645996094,deep,0.07862449645996093,0
170200100313,47.696441650390625,deep,0.04769644165039062,0
170200100401,55.87983322143555,deep,0.05587983322143555,0
170200100402,155.5662384033203,deep,0.15556623840332032,0
170200100403,134.04489135742188,deep,0.13404489135742187,0
170200100404,51.29914474487305,deep,0.05129914474487305,0
170200100405,42.28164291381836,deep,0.04228164291381836,0
170200100406,107.95361328125,deep,0.10795361328125,0
170200100407,77.96453094482422,deep,0.07796453094482422,0
170200100408,31.723861694335938,shallow,0.031723861694335935,1
170200100409,33.9487190246582,shallow,0.0339487190246582,1
170200100501,44.652252197265625,deep,0.044652252197265624,0
170200100502,23.853588104248047,shallow,0.023853588104248046,1
170200100503,39.34727096557617,shallow,0.03934727096557617,1
170200100504,20.33506202697754,shallow,0.02033506202697754,1
170200100505,39.02361297607422,shallow,0.03902361297607422,1
170200100506,30.608386993408203,shallow,0.030608386993408204,1
170200100507,21.02286720275879,shallow,0.02102286720275879,1
171100070101,483.5238342285156,deep,0.48352383422851564,0
171100070102,157.84158325195312,deep,0.15784158325195313,0
171100070103,276.9131774902344,deep,0.27691317749023436,0
171100070104,258.27313232421875,deep,0.2582731323242187,0
171100070105,150.5731964111328,deep,0.15057319641113281,0
171100070106,230.10986328125,deep,0.23010986328125,0
171100070107,82.89363861083984,deep,0.08289363861083984,0
171100070201,70.35250091552734,deep,0.07035250091552735,0
171100070202,15.809518814086914,shallow,0.015809518814086914,1
171100070203,9.568880081176758,shallow,0.009568880081176758,1
171100070204,11.132440567016602,shallow,0.0111324405670166,1
